emergency_type,location_cat,severity_score,pop_density,hour,is_weekend,police,ambulance,bomba
Fire,Highway,1,5170,9,0,0,0,3
Accident,Residential,2,2672,23,1,1,0,1
Fire,Industrial,5,6044,0,0,2,2,6
Accident,Highway,2,7563,17,1,1,0,1
Accident,Industrial,2,4946,14,1,1,0,1
Accident,Highway,1,1050,3,0,0,0,0
Fire,Industrial,4,7053,12,1,2,1,5
Violence,Residential,5,2008,18,0,4,2,3
Fire,Highway,2,887,3,1,1,0,4
Accident,Industrial,1,1030,1,0,0,0,0
Violence,Residential,5,8819,7,1,4,2,3
Violence,Highway,1,5468,15,1,2,0,0
Medical,Residential,3,4920,5,0,1,2,1
Violence,Residential,1,8097,13,0,2,0,0
Violence,Highway,5,2552,2,0,4,2,3
Fire,Residential,1,7978,12,1,0,0,3
Fire,Industrial,2,5013,4,1,1,0,4
Medical,Industrial,4,4516,23,0,2,3,2
Accident,Highway,3,4257,18,0,1,1,1
Medical,Industrial,3,2382,13,0,1,2,1
Fire,Industrial,1,9778,12,0,0,0,3
Medical,Highway,2,2072,7,1,1,2,1
Medical,Highway,1,8290,14,0,0,1,0
Fire,Industrial,1,5664,22,0,0,0,3
Fire,Industrial,2,7433,7,1,1,0,4
Violence,Highway,4,754,5,1,4,1,2
Violence,Industrial,3,8388,13,1,3,1,1
Violence,Industrial,3,1163,18,0,3,1,1
Fire,Residential,4,8085,19,0,2,1,5
Accident,Residential,4,8958,2,0,2,1,2
Accident,Highway,5,8556,14,0,2,2,3
Fire,Highway,2,7940,1,1,1,0,4
Fire,Industrial,2,7195,6,1,1,0,4
Accident,Highway,1,8086,3,1,0,0,0
Violence,Industrial,5,1299,0,1,4,2,3
Accident,Highway,5,8650,7,0,2,2,3
Medical,Highway,5,4406,21,0,2,3,3
Medical,Residential,2,696,2,0,1,2,1
Fire,Residential,4,2654,9,0,2,1,5
Violence,Residential,3,3810,10,0,3,1,1
Medical,Highway,4,980,1,0,2,3,2
Violence,Industrial,2,2036,14,0,3,0,1
Accident,Residential,1,1817,1,1,0,0,0
Accident,Residential,5,3960,9,0,2,2,3
Violence,Highway,5,8118,22,0,4,2,3
Fire,Highway,3,9419,18,1,1,1,4
Violence,Highway,3,8967,21,1,3,1,1
Violence,Highway,1,9447,3,0,2,0,0
Accident,Residential,2,9569,2,0,1,0,1
Medical,Industrial,1,1346,3,1,0,1,0
Accident,Residential,2,3931,1,0,1,0,1
Accident,Highway,3,7447,21,1,1,1,1
Violence,Highway,3,969,0,0,3,1,1
Medical,Industrial,4,6723,12,0,2,3,2
Medical,Residential,5,1272,0,0,2,3,3
Accident,Residential,3,1753,15,0,1,1,1
Fire,Industrial,5,7700,8,1,2,2,6
Medical,Industrial,5,8274,21,0,2,3,3
Medical,Industrial,5,8307,14,1,2,3,3
Accident,Industrial,3,7601,20,1,1,1,1
Fire,Highway,3,2641,2,0,1,1,4
Fire,Residential,5,7279,4,1,2,2,6
Fire,Highway,1,565,0,0,0,0,3
Accident,Highway,3,2983,23,1,1,1,1
Accident,Residential,3,4516,1,0,1,1,1
Medical,Highway,2,7614,0,1,1,2,1
Fire,Industrial,2,3359,5,0,1,0,4
Medical,Industrial,1,6001,17,0,0,1,0
Medical,Industrial,5,5083,18,0,2,3,3
Medical,Highway,5,6790,23,1,2,3,3
Medical,Industrial,4,3583,5,1,2,3,2
Violence,Highway,3,4828,2,0,3,1,1
Violence,Industrial,2,6487,12,0,3,0,1
Fire,Industrial,3,8730,6,1,1,1,4
Medical,Industrial,3,8464,20,0,1,2,1
Fire,Residential,3,8672,4,1,1,1,4
Violence,Industrial,4,9136,21,1,4,1,2
Medical,Highway,3,2220,21,0,1,2,1
Medical,Industrial,3,2425,23,1,1,2,1
Medical,Highway,1,585,19,1,0,1,0
Medical,Residential,5,3355,9,1,2,3,3
Accident,Residential,4,6484,9,1,2,1,2
Medical,Residential,3,7333,7,1,1,2,1
Violence,Highway,4,7999,2,1,4,1,2
Fire,Highway,3,8517,1,0,1,1,4
Fire,Industrial,2,6330,17,0,1,0,4
Medical,Residential,4,2013,9,0,2,3,2
Medical,Residential,2,7975,19,1,1,2,1
Accident,Residential,5,4341,13,1,2,2,3
Fire,Residential,3,4262,0,1,1,1,4
Medical,Residential,5,8323,21,1,2,3,3
Fire,Highway,2,9017,2,1,1,0,4
Accident,Highway,4,6292,23,1,2,1,2
Fire,Industrial,1,6170,5,0,0,0,3
Accident,Industrial,3,9768,5,0,1,1,1
Fire,Industrial,4,9402,16,1,2,1,5
Accident,Residential,5,6413,14,1,2,2,3
Accident,Industrial,4,1043,14,1,2,1,2
Medical,Industrial,4,2599,1,1,2,3,2
Fire,Highway,3,8391,13,0,1,1,4
Accident,Industrial,3,1785,11,0,1,1,1
Medical,Residential,2,9655,22,0,1,2,1
Accident,Residential,1,7646,15,1,0,0,0
Medical,Highway,2,8749,22,1,1,2,1
Medical,Highway,1,3523,6,0,0,1,0
Violence,Highway,4,8884,10,0,4,1,2
Medical,Industrial,4,2449,8,1,2,3,2
Medical,Residential,4,5603,1,0,2,3,2
Accident,Residential,2,3008,10,1,1,0,1
Accident,Industrial,4,4877,2,1,2,1,2
Accident,Highway,4,7250,18,0,2,1,2
Medical,Residential,1,9293,4,1,0,1,0
Accident,Highway,1,7906,2,1,0,0,0
Fire,Industrial,1,6457,11,1,0,0,3
Accident,Residential,2,9320,13,1,1,0,1
Violence,Highway,1,6194,9,1,2,0,0
Accident,Industrial,3,2242,18,1,1,1,1
Accident,Industrial,4,9794,23,0,2,1,2
Violence,Industrial,2,5282,20,0,3,0,1
Violence,Industrial,4,9282,15,1,4,1,2
Violence,Residential,3,2216,14,1,3,1,1
Accident,Highway,3,7488,4,1,1,1,1
Medical,Residential,2,5632,21,0,1,2,1
Violence,Highway,2,7692,15,1,3,0,1
Medical,Industrial,5,2679,11,0,2,3,3
Accident,Residential,2,7037,3,1,1,0,1
Fire,Residential,2,3592,8,0,1,0,4
Medical,Highway,4,6540,9,1,2,3,2
Fire,Industrial,1,5442,18,1,0,0,3
Fire,Industrial,5,678,3,1,2,2,6
Accident,Industrial,3,2625,10,0,1,1,1
Medical,Residential,3,4546,2,1,1,2,1
Violence,Highway,5,9733,6,0,4,2,3
Violence,Highway,1,6348,3,1,2,0,0
Medical,Highway,4,9193,15,0,2,3,2
Fire,Residential,4,8221,0,0,2,1,5
Fire,Highway,1,735,6,1,0,0,3
Fire,Highway,1,9470,9,1,0,0,3
Medical,Industrial,4,2626,16,1,2,3,2
Accident,Highway,3,8056,19,0,1,1,1
Violence,Highway,4,4989,18,0,4,1,2
Medical,Highway,5,2591,19,0,2,3,3
Violence,Highway,1,7480,8,0,2,0,0
Accident,Residential,4,7538,3,1,2,1,2
Medical,Highway,2,5045,14,1,1,2,1
Medical,Residential,3,4132,8,1,1,2,1
Fire,Highway,4,2075,12,1,2,1,5
Accident,Industrial,4,6580,15,1,2,1,2
Fire,Highway,1,9487,15,1,0,0,3
Violence,Highway,3,9060,2,1,3,1,1
Accident,Residential,4,2040,8,1,2,1,2
Accident,Highway,5,4850,20,0,2,2,3
Violence,Industrial,5,9634,11,1,4,2,3
Medical,Residential,2,2714,20,0,1,2,1
Medical,Residential,1,5324,17,0,0,1,0
Accident,Industrial,1,8512,0,0,0,0,0
Violence,Residential,3,6058,21,1,3,1,1
Medical,Industrial,2,7631,16,0,1,2,1
Violence,Industrial,4,5955,22,1,4,1,2
Violence,Industrial,2,647,1,0,3,0,1
Fire,Highway,1,1934,1,1,0,0,3
Accident,Highway,1,8671,15,1,0,0,0
Violence,Highway,1,7740,10,1,2,0,0
Accident,Residential,4,4079,23,1,2,1,2
Violence,Residential,1,3756,22,1,2,0,0
Accident,Residential,5,8528,15,1,2,2,3
Accident,Residential,4,8797,14,0,2,1,2
Fire,Industrial,2,3140,5,0,1,0,4
Fire,Industrial,4,5972,9,0,2,1,5
Violence,Highway,2,6085,15,0,3,0,1
Medical,Highway,5,5096,15,1,2,3,3
Fire,Highway,1,9673,4,0,0,0,3
Accident,Highway,4,6586,11,1,2,1,2
Fire,Industrial,4,5407,5,1,2,1,5
Fire,Highway,1,6281,14,0,0,0,3
Fire,Highway,1,6075,9,1,0,0,3
Medical,Highway,2,1711,2,1,1,2,1
Accident,Industrial,5,8925,10,0,2,2,3
Medical,Highway,5,2311,10,1,2,3,3
Medical,Highway,3,9631,7,1,1,2,1
Fire,Industrial,5,540,16,0,2,2,6
Fire,Residential,2,9393,0,1,1,0,4
Fire,Residential,4,5853,13,0,2,1,5
Fire,Residential,4,5726,15,0,2,1,5
Medical,Residential,1,3572,21,0,0,1,0
Medical,Highway,3,9971,2,0,1,2,1
Violence,Industrial,5,6125,6,1,4,2,3
Fire,Residential,5,1250,12,1,2,2,6
Medical,Highway,4,1783,14,0,2,3,2
Medical,Industrial,2,1879,9,0,1,2,1
Accident,Highway,3,2350,1,0,1,1,1
Violence,Industrial,4,2339,18,1,4,1,2
Violence,Highway,5,6641,1,1,4,2,3
Violence,Highway,4,4981,9,1,4,1,2
Accident,Residential,5,1983,0,0,2,2,3
Fire,Residential,5,1647,15,0,2,2,6
Accident,Residential,3,4958,7,0,1,1,1
Violence,Residential,4,4328,9,1,4,1,2
Accident,Highway,4,579,21,1,2,1,2
Medical,Industrial,4,9164,1,0,2,3,2
Violence,Industrial,2,7945,8,1,3,0,1
Medical,Highway,4,4715,6,1,2,3,2
Violence,Highway,5,3558,8,0,4,2,3
Fire,Residential,5,8339,9,1,2,2,6
Violence,Industrial,2,6251,2,1,3,0,1
Medical,Industrial,5,9280,13,1,2,3,3
Violence,Residential,5,9401,19,0,4,2,3
Fire,Residential,5,5016,2,1,2,2,6
Medical,Residential,5,8188,23,1,2,3,3
Violence,Highway,3,8108,6,1,3,1,1
Accident,Residential,4,9920,20,0,2,1,2
Medical,Highway,5,2397,3,1,2,3,3
Accident,Residential,1,8440,14,1,0,0,0
Medical,Industrial,4,6311,5,1,2,3,2
Accident,Highway,3,1103,7,1,1,1,1
Accident,Residential,3,7002,14,0,1,1,1
Violence,Industrial,3,7188,16,1,3,1,1
Violence,Residential,2,7348,22,0,3,0,1
Medical,Highway,5,5345,20,0,2,3,3
Fire,Industrial,1,1234,20,1,0,0,3
Medical,Highway,5,3336,22,0,2,3,3
Fire,Industrial,2,2700,22,1,1,0,4
Violence,Residential,5,4138,7,0,4,2,3
Fire,Industrial,1,4153,1,0,0,0,3
Medical,Highway,2,4933,1,0,1,2,1
Fire,Industrial,4,1920,8,1,2,1,5
Accident,Industrial,4,8284,5,0,2,1,2
Violence,Industrial,1,6917,7,1,2,0,0
Fire,Industrial,1,5387,20,0,0,0,3
Medical,Residential,3,4814,21,0,1,2,1
Fire,Industrial,2,9747,7,1,1,0,4
Fire,Highway,3,8249,3,0,1,1,4
Violence,Residential,3,9559,12,0,3,1,1
Medical,Industrial,5,3045,23,0,2,3,3
Medical,Industrial,3,8948,12,1,1,2,1
Medical,Highway,1,5375,15,0,0,1,0
Accident,Residential,3,5153,8,1,1,1,1
Accident,Residential,1,5113,18,0,0,0,0
Fire,Industrial,2,7971,16,1,1,0,4
Violence,Industrial,4,5195,4,1,4,1,2
Violence,Industrial,4,6947,15,1,4,1,2
Fire,Residential,1,9227,2,0,0,0,3
Accident,Industrial,4,9296,23,1,2,1,2
Accident,Industrial,3,5676,0,1,1,1,1
Fire,Highway,3,4470,23,0,1,1,4
Medical,Highway,4,1911,6,1,2,3,2
Medical,Highway,4,6357,3,1,2,3,2
Accident,Highway,3,3117,20,0,1,1,1
Accident,Industrial,5,9641,4,0,2,2,3
Medical,Residential,5,6911,15,1,2,3,3
Violence,Industrial,1,2916,11,1,2,0,0
Violence,Highway,2,4656,1,1,3,0,1
Fire,Industrial,4,5232,13,1,2,1,5
Fire,Industrial,2,1775,13,0,1,0,4
Fire,Industrial,5,9702,10,0,2,2,6
Fire,Highway,1,3364,4,0,0,0,3
Accident,Highway,4,8986,22,0,2,1,2
Fire,Highway,3,5514,7,1,1,1,4
Accident,Industrial,3,9219,17,1,1,1,1
Medical,Highway,2,6304,10,0,1,2,1
Medical,Industrial,1,1495,10,1,0,1,0
Fire,Highway,4,9059,17,0,2,1,5
Violence,Highway,5,6718,18,1,4,2,3
Violence,Highway,2,8985,0,1,3,0,1
Medical,Industrial,1,5005,19,0,0,1,0
Medical,Industrial,3,1560,9,0,1,2,1
Fire,Residential,3,7033,21,1,1,1,4
Fire,Residential,3,4911,20,0,1,1,4
Violence,Residential,4,6997,20,1,4,1,2
Fire,Industrial,1,6577,10,0,0,0,3
Violence,Highway,1,6694,13,1,2,0,0
Fire,Highway,3,3641,1,1,1,1,4
Violence,Highway,2,2276,18,1,3,0,1
Violence,Residential,4,7300,2,1,4,1,2
Accident,Highway,2,2676,21,0,1,0,1
Accident,Highway,3,4077,5,1,1,1,1
Accident,Industrial,4,1193,10,1,2,1,2
Violence,Residential,4,1321,20,0,4,1,2
Fire,Industrial,4,7369,11,1,2,1,5
Medical,Highway,1,3578,20,1,0,1,0
Fire,Industrial,4,2761,23,0,2,1,5
Accident,Industrial,4,1257,10,0,2,1,2
Accident,Industrial,5,4906,19,1,2,2,3
Medical,Highway,3,1749,0,1,1,2,1
Accident,Residential,2,4658,0,0,1,0,1
Fire,Industrial,2,4300,20,0,1,0,4
Fire,Highway,4,5001,11,0,2,1,5
Accident,Industrial,3,8791,0,1,1,1,1
Accident,Highway,2,7795,7,0,1,0,1
Medical,Industrial,2,4320,18,1,1,2,1
Violence,Residential,1,3580,10,1,2,0,0
Fire,Residential,4,4114,7,1,2,1,5
Accident,Residential,2,4242,7,0,1,0,1
Medical,Residential,4,2999,9,1,2,3,2
Medical,Industrial,1,6101,0,1,0,1,0
Medical,Highway,5,7371,12,1,2,3,3
Fire,Industrial,1,742,6,0,0,0,3
Medical,Residential,1,7973,9,0,0,1,0
Accident,Residential,1,2927,20,1,0,0,0
Violence,Highway,3,2065,4,0,3,1,1
Accident,Residential,5,6168,17,0,2,2,3
Violence,Industrial,4,3996,13,1,4,1,2
Fire,Residential,4,6053,20,1,2,1,5
Accident,Highway,5,1948,7,0,2,2,3
Accident,Highway,3,6860,12,0,1,1,1
Fire,Industrial,4,2646,0,0,2,1,5
Medical,Residential,3,7989,17,0,1,2,1
Violence,Industrial,4,4885,23,0,4,1,2
Medical,Residential,4,9933,3,0,2,3,2
Accident,Industrial,1,1163,22,1,0,0,0
Fire,Industrial,3,1538,16,1,1,1,4
Violence,Industrial,3,1629,15,1,3,1,1
Medical,Residential,2,1052,15,0,1,2,1
Accident,Highway,1,5465,23,0,0,0,0
Violence,Industrial,4,1729,23,1,4,1,2
Violence,Highway,2,6116,9,0,3,0,1
Accident,Industrial,1,1671,13,0,0,0,0
Fire,Residential,3,1756,18,0,1,1,4
Accident,Residential,5,6584,19,0,2,2,3
Fire,Highway,5,4423,14,1,2,2,6
Accident,Industrial,1,6244,14,1,0,0,0
Violence,Residential,2,4527,10,1,3,0,1
Fire,Highway,3,8918,5,1,1,1,4
Medical,Highway,4,6962,23,1,2,3,2
Medical,Residential,2,9051,14,0,1,2,1
Violence,Residential,5,3890,23,0,4,2,3
Accident,Industrial,2,3307,10,0,1,0,1
Violence,Industrial,1,4815,6,1,2,0,0
Accident,Highway,2,1434,0,0,1,0,1
Accident,Industrial,1,8070,15,0,0,0,0
Accident,Industrial,1,3003,13,1,0,0,0
Accident,Industrial,5,5734,14,1,2,2,3
Medical,Industrial,3,1968,19,0,1,2,1
Accident,Residential,2,5558,13,1,1,0,1
Medical,Residential,2,5930,0,1,1,2,1
Medical,Highway,3,2120,10,0,1,2,1
Violence,Highway,5,8540,11,0,4,2,3
Violence,Industrial,2,7949,5,0,3,0,1
Accident,Highway,5,3029,3,1,2,2,3
Violence,Residential,1,9109,18,1,2,0,0
Violence,Residential,4,8351,21,0,4,1,2
Violence,Residential,2,2902,6,0,3,0,1
Medical,Highway,4,7237,8,1,2,3,2
Accident,Residential,3,9277,5,0,1,1,1
Violence,Highway,5,5465,11,1,4,2,3
Fire,Highway,2,5479,6,1,1,0,4
Fire,Highway,5,2409,9,1,2,2,6
Fire,Highway,3,4714,19,0,1,1,4
Medical,Residential,1,8987,14,0,0,1,0
Violence,Residential,4,2484,1,0,4,1,2
Violence,Residential,2,8758,19,0,3,0,1
Medical,Highway,5,5308,19,0,2,3,3
Medical,Residential,4,5866,10,1,2,3,2
Accident,Highway,3,6507,11,0,1,1,1
Fire,Highway,5,4371,7,0,2,2,6
Fire,Industrial,4,2929,13,0,2,1,5
Accident,Highway,5,5919,20,1,2,2,3
Accident,Highway,3,3108,7,0,1,1,1
Fire,Residential,3,4951,15,1,1,1,4
Medical,Residential,1,2472,4,0,0,1,0
Medical,Residential,5,3172,3,1,2,3,3
Accident,Industrial,4,3351,4,0,2,1,2
Medical,Highway,5,9978,22,0,2,3,3
Accident,Industrial,1,2620,9,0,0,0,0
Fire,Highway,4,9385,1,1,2,1,5
Accident,Highway,5,1448,22,0,2,2,3
Violence,Residential,4,9895,13,1,4,1,2
Violence,Residential,4,9507,15,1,4,1,2
Accident,Residential,3,9996,20,0,1,1,1
Accident,Highway,2,9069,13,1,1,0,1
Accident,Residential,2,8908,10,1,1,0,1
Violence,Industrial,2,4780,21,0,3,0,1
Accident,Industrial,1,8412,22,1,0,0,0
Violence,Residential,4,8959,9,0,4,1,2
Medical,Industrial,3,6496,21,0,1,2,1
Accident,Residential,5,8705,22,0,2,2,3
Fire,Industrial,4,5186,23,1,2,1,5
Fire,Highway,2,3226,16,0,1,0,4
Violence,Highway,4,3687,3,1,4,1,2
Accident,Industrial,1,4738,7,1,0,0,0
Accident,Residential,1,9209,4,1,0,0,0
Accident,Highway,3,7841,22,1,1,1,1
Accident,Industrial,1,8190,12,1,0,0,0
Accident,Highway,1,3583,15,1,0,0,0
Violence,Industrial,4,6123,10,1,4,1,2
Accident,Industrial,5,6372,2,0,2,2,3
Accident,Highway,2,3111,5,1,1,0,1
Fire,Highway,5,670,6,1,2,2,6
Violence,Highway,2,4478,18,1,3,0,1
Accident,Residential,5,3288,20,1,2,2,3
Fire,Industrial,5,2242,21,1,2,2,6
Accident,Industrial,1,4190,18,1,0,0,0
Medical,Highway,3,1981,12,0,1,2,1
Accident,Residential,1,583,20,0,0,0,0
Fire,Residential,5,6021,16,1,2,2,6
Medical,Residential,2,1757,19,0,1,2,1
Medical,Highway,2,4170,11,0,1,2,1
Medical,Highway,4,2710,14,1,2,3,2
Violence,Residential,2,7054,4,1,3,0,1
Medical,Highway,1,7398,1,0,0,1,0
Fire,Residential,1,6515,14,1,0,0,3
Violence,Highway,1,6037,3,1,2,0,0
Accident,Industrial,1,2091,23,0,0,0,0
Accident,Residential,5,4794,6,0,2,2,3
Medical,Residential,5,8564,12,1,2,3,3
Accident,Residential,1,5982,6,0,0,0,0
Fire,Industrial,3,4890,5,1,1,1,4
Medical,Residential,4,1640,1,1,2,3,2
Fire,Industrial,1,6701,23,0,0,0,3
Medical,Industrial,1,6411,5,0,0,1,0
Fire,Highway,5,4357,3,1,2,2,6
Medical,Highway,2,7872,15,0,1,2,1
Accident,Residential,3,1110,12,0,1,1,1
Medical,Industrial,4,8575,7,1,2,3,2
Violence,Highway,5,1470,4,0,4,2,3
Medical,Industrial,4,3788,20,1,2,3,2
Medical,Residential,3,8509,22,0,1,2,1
Violence,Highway,3,996,17,1,3,1,1
Fire,Residential,4,2097,10,0,2,1,5
Medical,Residential,5,8174,10,0,2,3,3
Medical,Residential,3,1123,10,1,1,2,1
Accident,Residential,2,1840,12,1,1,0,1
Fire,Highway,3,2745,16,1,1,1,4
Accident,Highway,3,8889,6,1,1,1,1
Violence,Industrial,3,3179,4,1,3,1,1
Medical,Highway,1,2248,7,0,0,1,0
Violence,Highway,3,9675,2,1,3,1,1
Violence,Residential,1,7091,9,0,2,0,0
Accident,Residential,2,3766,1,1,1,0,1
Violence,Residential,5,3934,5,0,4,2,3
Fire,Highway,4,6267,13,1,2,1,5
Violence,Highway,5,8892,0,1,4,2,3
Fire,Industrial,1,732,6,0,0,0,3
Accident,Residential,4,5302,20,0,2,1,2
Medical,Highway,5,3954,4,1,2,3,3
Violence,Industrial,5,4144,9,0,4,2,3
Violence,Industrial,2,9551,11,1,3,0,1
Violence,Highway,5,2791,1,0,4,2,3
Medical,Residential,5,2974,10,1,2,3,3
Fire,Highway,5,2355,15,1,2,2,6
Accident,Industrial,2,740,10,0,1,0,1
Medical,Highway,1,833,10,0,0,1,0
Fire,Industrial,3,8633,1,1,1,1,4
Fire,Residential,5,9821,22,0,2,2,6
Violence,Highway,5,1396,9,0,4,2,3
Accident,Residential,1,796,16,0,0,0,0
Medical,Residential,3,7181,2,0,1,2,1
Accident,Industrial,1,6238,0,0,0,0,0
Medical,Highway,4,6894,16,0,2,3,2
Violence,Highway,1,1618,0,0,2,0,0
Accident,Highway,2,9202,4,0,1,0,1
Medical,Residential,1,2944,6,1,0,1,0
Medical,Highway,1,3485,1,0,0,1,0
Violence,Highway,3,5461,22,1,3,1,1
Violence,Highway,5,3235,18,0,4,2,3
Violence,Highway,5,3505,6,1,4,2,3
Fire,Industrial,1,5977,18,1,0,0,3
Violence,Highway,1,5402,23,0,2,0,0
Accident,Highway,2,4304,4,0,1,0,1
Accident,Highway,4,1659,15,0,2,1,2
Medical,Highway,1,1232,5,0,0,1,0
Fire,Highway,1,7313,1,1,0,0,3
Fire,Residential,2,5441,16,0,1,0,4
Violence,Industrial,3,7264,4,0,3,1,1
Accident,Industrial,1,8067,13,1,0,0,0
Medical,Highway,2,4288,4,0,1,2,1
Violence,Residential,2,8591,9,1,3,0,1
Violence,Residential,4,6331,19,1,4,1,2
Fire,Highway,1,3433,12,1,0,0,3
Medical,Industrial,3,6409,10,1,1,2,1
Accident,Highway,5,6860,10,0,2,2,3
Fire,Residential,5,8061,23,1,2,2,6
Medical,Industrial,1,5285,20,0,0,1,0
Medical,Industrial,3,3723,14,1,1,2,1
Violence,Highway,5,524,21,0,4,2,3
Fire,Highway,3,4817,1,1,1,1,4
Medical,Industrial,1,3384,15,1,0,1,0
Violence,Industrial,3,623,6,1,3,1,1
Fire,Industrial,2,6525,11,1,1,0,4
Fire,Highway,3,9096,11,0,1,1,4
Accident,Industrial,3,7911,11,0,1,1,1
Medical,Industrial,3,8475,18,0,1,2,1
Medical,Highway,5,1398,4,1,2,3,3
Fire,Industrial,5,4194,16,1,2,2,6
Fire,Industrial,4,8864,3,0,2,1,5
Medical,Industrial,2,7601,0,1,1,2,1
Fire,Industrial,4,7948,1,0,2,1,5
Medical,Residential,4,7439,3,0,2,3,2
Violence,Industrial,3,7758,2,0,3,1,1
Medical,Residential,5,2372,22,1,2,3,3
Medical,Highway,3,5238,1,0,1,2,1
Accident,Industrial,3,3464,0,0,1,1,1
Violence,Industrial,2,6659,16,0,3,0,1
Violence,Industrial,1,2781,22,0,2,0,0
Accident,Highway,3,6314,20,1,1,1,1
Medical,Residential,4,7236,0,0,2,3,2
Medical,Residential,3,730,8,0,1,2,1
Violence,Industrial,2,7905,14,0,3,0,1
Accident,Industrial,3,6276,3,0,1,1,1
Fire,Highway,4,9675,18,1,2,1,5
Medical,Residential,2,7802,12,0,1,2,1
Accident,Highway,5,2194,7,0,2,2,3
Fire,Residential,4,9105,11,1,2,1,5
Violence,Industrial,3,9310,13,0,3,1,1
Violence,Highway,2,7480,1,0,3,0,1
Medical,Highway,3,3576,13,0,1,2,1
Fire,Industrial,2,2464,20,1,1,0,4
Medical,Industrial,1,3821,20,1,0,1,0
Accident,Highway,1,4361,17,0,0,0,0
Fire,Highway,3,9222,14,0,1,1,4
Medical,Residential,2,9959,2,0,1,2,1
Accident,Industrial,3,8122,16,1,1,1,1
Medical,Residential,3,5266,20,1,1,2,1
Violence,Industrial,3,1497,17,0,3,1,1
Fire,Highway,1,5972,13,1,0,0,3
Accident,Residential,2,5967,22,0,1,0,1
Fire,Industrial,3,1619,3,1,1,1,4
Accident,Highway,3,2244,7,1,1,1,1
Fire,Residential,3,4652,2,0,1,1,4
Accident,Residential,4,8174,14,1,2,1,2
Accident,Highway,5,9076,4,0,2,2,3
Fire,Residential,3,5003,18,0,1,1,4
Violence,Highway,2,2461,5,1,3,0,1
Violence,Residential,4,3459,18,1,4,1,2
Accident,Industrial,3,6700,14,0,1,1,1
Medical,Residential,3,4990,14,0,1,2,1
Medical,Highway,4,6505,9,1,2,3,2
Fire,Highway,5,8519,21,0,2,2,6
Medical,Highway,2,9952,22,1,1,2,1
Violence,Residential,3,9912,18,0,3,1,1
Accident,Industrial,5,5019,17,0,2,2,3
Medical,Industrial,5,9337,13,0,2,3,3
Fire,Industrial,1,2906,5,0,0,0,3
Accident,Highway,2,6740,6,1,1,0,1
Accident,Residential,2,3460,5,0,1,0,1
Accident,Highway,5,9641,6,1,2,2,3
Medical,Residential,5,1114,15,1,2,3,3
Fire,Highway,2,8304,21,0,1,0,4
Accident,Residential,4,9948,12,1,2,1,2
Fire,Industrial,1,5654,13,0,0,0,3
Medical,Residential,5,2936,23,1,2,3,3
Medical,Highway,2,3426,7,1,1,2,1
Accident,Industrial,4,1059,18,1,2,1,2
Accident,Residential,5,2722,12,0,2,2,3
Violence,Industrial,5,7560,16,0,4,2,3
Fire,Residential,2,3512,16,1,1,0,4
Accident,Highway,5,7153,6,1,2,2,3
Medical,Industrial,2,5213,22,1,1,2,1
Accident,Industrial,3,5105,5,1,1,1,1
Accident,Industrial,1,2867,20,1,0,0,0
Fire,Industrial,2,8759,11,0,1,0,4
Medical,Industrial,2,7341,19,0,1,2,1
Violence,Highway,1,3272,2,0,2,0,0
Fire,Highway,4,4570,13,1,2,1,5
Violence,Residential,3,3997,3,0,3,1,1
Accident,Industrial,2,7222,20,1,1,0,1
Accident,Residential,5,5232,14,0,2,2,3
Violence,Industrial,1,5513,14,0,2,0,0
Accident,Residential,4,561,22,0,2,1,2
Fire,Residential,2,1670,20,1,1,0,4
Fire,Residential,2,7619,17,0,1,0,4
Medical,Highway,4,4928,1,1,2,3,2
Violence,Industrial,1,5474,14,0,2,0,0
Medical,Industrial,1,3270,3,1,0,1,0
Medical,Industrial,1,9783,7,1,0,1,0
Medical,Highway,1,5172,23,1,0,1,0
Accident,Highway,4,1341,4,0,2,1,2
Accident,Residential,4,2756,12,1,2,1,2
Medical,Residential,5,1799,8,0,2,3,3
Violence,Residential,1,8295,12,1,2,0,0
Accident,Residential,1,1666,22,1,0,0,0
Medical,Highway,3,8377,9,0,1,2,1
Accident,Residential,4,2675,19,0,2,1,2
Accident,Industrial,3,3677,10,0,1,1,1
Medical,Industrial,2,6472,19,0,1,2,1
Violence,Residential,1,6283,8,0,2,0,0
Fire,Industrial,4,1546,20,0,2,1,5
Accident,Residential,1,3731,3,1,0,0,0
Fire,Residential,2,7722,5,1,1,0,4
Fire,Residential,4,6203,22,0,2,1,5
Medical,Residential,5,5633,7,1,2,3,3
Fire,Highway,2,7825,0,0,1,0,4
Violence,Industrial,5,2859,13,0,4,2,3
Fire,Industrial,1,1476,8,1,0,0,3
Accident,Highway,4,1369,4,1,2,1,2
Fire,Residential,1,1942,17,1,0,0,3
Medical,Residential,3,1091,7,1,1,2,1
Fire,Industrial,1,9830,19,0,0,0,3
Accident,Industrial,4,2075,0,1,2,1,2
Accident,Residential,3,2234,2,1,1,1,1
Fire,Highway,3,3810,4,0,1,1,4
Medical,Industrial,1,6690,9,0,0,1,0
Accident,Highway,4,1126,23,0,2,1,2
Accident,Highway,2,3628,12,1,1,0,1
Fire,Industrial,1,4747,9,0,0,0,3
Violence,Residential,3,1710,14,1,3,1,1
Fire,Highway,2,4940,3,1,1,0,4
Violence,Highway,4,4990,14,1,4,1,2
Accident,Residential,4,1534,15,0,2,1,2
Accident,Industrial,2,6076,0,1,1,0,1
Fire,Residential,3,5167,22,0,1,1,4
Fire,Residential,3,8916,1,0,1,1,4
Medical,Residential,1,3606,5,1,0,1,0
Violence,Industrial,3,9322,21,1,3,1,1
Medical,Residential,2,4772,11,0,1,2,1
Violence,Residential,5,9302,11,1,4,2,3
Fire,Highway,1,9280,14,0,0,0,3
Violence,Industrial,3,5087,1,1,3,1,1
Accident,Residential,1,1293,21,0,0,0,0
Fire,Highway,1,4220,19,1,0,0,3
Accident,Industrial,1,5494,3,1,0,0,0
Medical,Industrial,2,7730,16,0,1,2,1
Medical,Residential,4,4907,4,1,2,3,2
Fire,Residential,3,2464,2,0,1,1,4
Fire,Highway,1,2513,0,0,0,0,3
Accident,Highway,2,7687,18,1,1,0,1
Accident,Residential,3,8218,19,1,1,1,1
Accident,Residential,2,3009,1,1,1,0,1
Accident,Highway,4,3400,19,1,2,1,2
Fire,Residential,1,1164,22,0,0,0,3
Violence,Residential,1,2059,20,1,2,0,0
Medical,Industrial,1,1451,9,0,0,1,0
Fire,Residential,4,3475,18,0,2,1,5
Fire,Residential,5,5318,6,0,2,2,6
Accident,Industrial,5,1450,12,1,2,2,3
Accident,Industrial,2,4624,9,0,1,0,1
Accident,Highway,3,9129,6,1,1,1,1
Violence,Residential,3,2960,21,0,3,1,1
Medical,Residential,3,8437,2,1,1,2,1
Fire,Residential,5,2939,12,0,2,2,6
Fire,Residential,4,5350,5,0,2,1,5
Accident,Industrial,4,8225,15,0,2,1,2
Accident,Highway,5,999,14,0,2,2,3
Violence,Residential,2,8247,9,0,3,0,1
Medical,Industrial,2,1627,11,1,1,2,1
Accident,Highway,5,697,3,0,2,2,3
Fire,Highway,3,6801,19,0,1,1,4
Medical,Residential,1,7077,18,1,0,1,0
Fire,Industrial,1,6598,2,1,0,0,3
Medical,Industrial,4,2369,10,0,2,3,2
Accident,Residential,2,4508,13,1,1,0,1
Accident,Highway,2,7288,16,1,1,0,1
Medical,Industrial,4,9146,2,0,2,3,2
Violence,Industrial,2,4038,17,0,3,0,1
Accident,Industrial,1,6599,1,1,0,0,0
Medical,Industrial,1,4089,1,0,0,1,0
Medical,Residential,2,9617,3,0,1,2,1
Fire,Residential,3,6373,4,1,1,1,4
Accident,Highway,3,3186,17,1,1,1,1
Medical,Residential,4,3233,11,1,2,3,2
Fire,Highway,5,6539,12,0,2,2,6
Fire,Industrial,2,5112,2,1,1,0,4
Accident,Highway,1,6283,12,0,0,0,0
Violence,Highway,4,903,13,1,4,1,2
Fire,Industrial,5,8760,17,1,2,2,6
Violence,Industrial,2,4772,3,0,3,0,1
Violence,Residential,1,7397,6,0,2,0,0
Violence,Industrial,1,1761,20,0,2,0,0
Medical,Industrial,1,4956,14,0,0,1,0
Violence,Residential,1,5926,5,0,2,0,0
Medical,Highway,2,4598,9,0,1,2,1
Medical,Industrial,5,6339,18,0,2,3,3
Violence,Highway,2,9482,2,0,3,0,1
Accident,Residential,5,857,21,1,2,2,3
Accident,Highway,5,3594,22,0,2,2,3
Fire,Industrial,4,940,18,1,2,1,5
Fire,Highway,4,7209,5,0,2,1,5
Fire,Highway,4,2959,8,0,2,1,5
Fire,Industrial,1,6382,15,1,0,0,3
Fire,Industrial,4,4362,11,1,2,1,5
Medical,Highway,5,2842,17,0,2,3,3
Medical,Highway,1,1512,8,1,0,1,0
Medical,Highway,5,6105,14,0,2,3,3
Violence,Residential,5,5424,8,1,4,2,3
Fire,Industrial,5,861,15,1,2,2,6
Violence,Highway,3,2286,15,0,3,1,1
Fire,Industrial,3,7200,19,0,1,1,4
Medical,Highway,2,3989,2,0,1,2,1
Violence,Industrial,4,524,21,0,4,1,2
Violence,Industrial,3,8726,2,1,3,1,1
Violence,Industrial,2,3961,12,1,3,0,1
Violence,Highway,3,9031,18,1,3,1,1
Violence,Highway,4,7372,23,0,4,1,2
Accident,Highway,5,3764,18,0,2,2,3
Accident,Residential,2,2841,13,1,1,0,1
Accident,Industrial,5,2609,16,1,2,2,3
Accident,Highway,1,7592,0,0,0,0,0
Medical,Highway,1,6833,5,0,0,1,0
Accident,Residential,2,6962,14,1,1,0,1
Medical,Industrial,3,9457,9,0,1,2,1
Violence,Highway,3,4288,11,1,3,1,1
Medical,Residential,5,6401,21,1,2,3,3
Violence,Residential,3,4197,14,1,3,1,1
Fire,Highway,2,7847,13,0,1,0,4
Accident,Highway,3,3793,5,1,1,1,1
Accident,Residential,3,1596,0,1,1,1,1
Medical,Industrial,1,1786,2,0,0,1,0
Fire,Residential,2,8990,14,0,1,0,4
Fire,Industrial,2,7944,21,1,1,0,4
Violence,Residential,4,4247,12,1,4,1,2
Medical,Residential,5,7928,23,1,2,3,3
Medical,Residential,3,8947,3,0,1,2,1
Violence,Industrial,5,2237,20,0,4,2,3
Violence,Residential,5,4045,14,0,4,2,3
Accident,Industrial,4,6990,17,0,2,1,2
Violence,Highway,5,7337,1,0,4,2,3
Accident,Highway,2,9903,16,0,1,0,1
Medical,Residential,4,6937,8,0,2,3,2
Fire,Residential,1,6359,15,0,0,0,3
Accident,Highway,2,6182,12,0,1,0,1
Accident,Industrial,5,5046,3,1,2,2,3
Violence,Industrial,5,3956,2,1,4,2,3
Fire,Highway,2,9411,2,0,1,0,4
Fire,Residential,3,2327,11,1,1,1,4
Violence,Industrial,2,9646,20,1,3,0,1
Fire,Residential,1,5737,3,1,0,0,3
Violence,Industrial,1,1375,10,1,2,0,0
Fire,Industrial,2,4018,12,0,1,0,4
Fire,Industrial,1,2653,0,0,0,0,3
Accident,Residential,1,4150,18,1,0,0,0
Medical,Residential,1,5630,10,1,0,1,0
Accident,Residential,3,1942,3,1,1,1,1
Violence,Industrial,1,4560,23,1,2,0,0
Violence,Industrial,3,2260,17,1,3,1,1
Accident,Industrial,3,4249,7,0,1,1,1
Violence,Residential,4,8393,20,0,4,1,2
Medical,Highway,3,2398,2,1,1,2,1
Medical,Industrial,3,744,8,0,1,2,1
Violence,Highway,3,9069,21,0,3,1,1
Fire,Residential,3,1058,7,0,1,1,4
Fire,Residential,1,2231,20,1,0,0,3
Violence,Residential,4,8069,13,1,4,1,2
Medical,Highway,3,4157,18,1,1,2,1
Violence,Industrial,4,5719,17,0,4,1,2
Medical,Residential,2,9943,0,0,1,2,1
Medical,Industrial,1,5485,4,0,0,1,0
Fire,Industrial,3,8924,21,0,1,1,4
Accident,Highway,5,568,13,1,2,2,3
Fire,Industrial,1,9064,8,1,0,0,3
Medical,Industrial,1,4432,17,0,0,1,0
Violence,Residential,5,3838,1,1,4,2,3
Violence,Industrial,2,3695,2,0,3,0,1
Fire,Highway,2,4199,7,1,1,0,4
Accident,Industrial,1,2800,1,1,0,0,0
Accident,Industrial,3,5821,18,0,1,1,1
Fire,Industrial,3,6712,5,0,1,1,4
Fire,Industrial,2,5902,7,1,1,0,4
Fire,Industrial,5,7716,11,0,2,2,6
Accident,Industrial,4,2980,20,1,2,1,2
Accident,Residential,5,2429,4,1,2,2,3
Medical,Highway,4,6061,7,0,2,3,2
Fire,Highway,2,5727,12,0,1,0,4
Medical,Highway,1,5817,4,0,0,1,0
Violence,Residential,5,8708,13,0,4,2,3
Violence,Residential,1,9000,12,0,2,0,0
Medical,Highway,2,9338,19,0,1,2,1
Medical,Industrial,5,6660,1,0,2,3,3
Fire,Highway,5,631,2,1,2,2,6
Accident,Highway,4,2293,6,0,2,1,2
Violence,Industrial,4,3348,14,1,4,1,2
Fire,Industrial,1,1659,4,1,0,0,3
Violence,Highway,1,1374,18,0,2,0,0
Violence,Highway,5,1225,23,0,4,2,3
Accident,Residential,2,6782,11,1,1,0,1
Accident,Industrial,5,6204,1,0,2,2,3
Medical,Highway,2,2916,10,0,1,2,1
Fire,Industrial,4,9583,8,0,2,1,5
Accident,Highway,2,5711,14,0,1,0,1
Medical,Residential,1,2901,17,0,0,1,0
Accident,Highway,2,8161,20,0,1,0,1
Accident,Residential,2,9594,18,1,1,0,1
Violence,Industrial,1,1853,1,1,2,0,0
Fire,Industrial,3,3013,7,0,1,1,4
Violence,Highway,3,505,23,1,3,1,1
Fire,Highway,5,6563,18,0,2,2,6
Accident,Highway,5,1974,3,1,2,2,3
Medical,Industrial,5,8821,0,0,2,3,3
Accident,Residential,3,8507,19,0,1,1,1
Fire,Industrial,2,4535,16,1,1,0,4
Accident,Residential,2,9403,7,0,1,0,1
Fire,Industrial,4,6294,1,1,2,1,5
Accident,Highway,5,8998,6,1,2,2,3
Violence,Industrial,1,8721,7,1,2,0,0
Medical,Residential,4,6728,12,0,2,3,2
Accident,Industrial,1,9348,2,0,0,0,0
Fire,Highway,2,6608,6,1,1,0,4
Fire,Residential,3,3207,21,0,1,1,4
Medical,Industrial,2,8504,18,0,1,2,1
Fire,Highway,5,4737,19,0,2,2,6
Medical,Residential,4,3229,7,1,2,3,2
Fire,Residential,4,3096,17,1,2,1,5
Fire,Highway,3,2035,20,0,1,1,4
Fire,Industrial,3,966,0,0,1,1,4
Violence,Industrial,4,5761,2,0,4,1,2
Accident,Highway,5,1522,2,0,2,2,3
Fire,Highway,3,6331,20,0,1,1,4
Medical,Residential,2,6808,18,0,1,2,1
Fire,Industrial,1,7399,17,1,0,0,3
Medical,Residential,2,2856,6,0,1,2,1
Fire,Highway,5,8081,6,0,2,2,6
Medical,Residential,1,6954,23,1,0,1,0
Accident,Industrial,1,4785,5,1,0,0,0
Violence,Industrial,5,5766,18,0,4,2,3
Fire,Industrial,3,2980,21,1,1,1,4
Accident,Highway,5,9255,8,1,2,2,3
Accident,Highway,1,7940,21,0,0,0,0
Accident,Residential,4,9768,11,1,2,1,2
Medical,Industrial,5,9720,12,0,2,3,3
Violence,Industrial,4,3479,7,1,4,1,2
Fire,Industrial,2,539,18,1,1,0,4
Accident,Residential,3,9259,11,1,1,1,1
Accident,Highway,2,9942,7,1,1,0,1
Medical,Industrial,1,9557,12,0,0,1,0
Medical,Highway,2,3549,3,0,1,2,1
Violence,Residential,4,9043,7,1,4,1,2
Medical,Highway,5,5296,0,0,2,3,3
Medical,Highway,1,1058,15,1,0,1,0
Accident,Residential,5,8420,18,0,2,2,3
Fire,Highway,2,2595,3,1,1,0,4
Accident,Highway,1,8119,11,1,0,0,0
Violence,Highway,1,1228,6,0,2,0,0
Accident,Industrial,1,4581,0,0,0,0,0
Fire,Industrial,1,6966,0,1,0,0,3
Accident,Industrial,3,5767,4,0,1,1,1
Medical,Residential,3,5920,4,1,1,2,1
Accident,Highway,1,6327,5,1,0,0,0
Accident,Residential,3,2431,13,1,1,1,1
Violence,Highway,2,875,17,0,3,0,1
Accident,Residential,4,3629,0,1,2,1,2
Violence,Residential,4,8816,4,1,4,1,2
Violence,Industrial,4,5550,7,0,4,1,2
Fire,Highway,5,3336,8,0,2,2,6
Medical,Industrial,3,2905,12,1,1,2,1
Medical,Residential,5,8404,6,1,2,3,3
Accident,Industrial,4,2300,7,1,2,1,2
Accident,Residential,5,1134,13,1,2,2,3
Accident,Industrial,3,625,22,1,1,1,1
Violence,Highway,1,6071,8,1,2,0,0
Fire,Residential,2,4564,5,0,1,0,4
Medical,Highway,1,3729,13,1,0,1,0
Violence,Highway,5,910,3,1,4,2,3
Fire,Residential,4,2121,1,0,2,1,5
Accident,Industrial,4,1769,14,1,2,1,2
Fire,Industrial,5,2802,15,0,2,2,6
Medical,Highway,4,5990,10,1,2,3,2
Violence,Residential,2,8409,21,0,3,0,1
Violence,Residential,5,7045,21,1,4,2,3
Fire,Highway,2,2907,17,1,1,0,4
Medical,Highway,2,670,16,1,1,2,1
Fire,Industrial,1,8172,5,1,0,0,3
Violence,Residential,4,7529,4,0,4,1,2
Accident,Industrial,1,4547,10,1,0,0,0
Fire,Industrial,1,3260,10,1,0,0,3
Fire,Highway,1,3662,13,0,0,0,3
Fire,Highway,3,9972,4,1,1,1,4
Violence,Highway,2,2267,1,1,3,0,1
Fire,Industrial,4,4367,4,1,2,1,5
Accident,Residential,4,1114,10,0,2,1,2
Medical,Industrial,4,5107,0,0,2,3,2
Violence,Residential,5,4009,4,1,4,2,3
Accident,Highway,1,7636,11,0,0,0,0
Medical,Industrial,2,6474,12,0,1,2,1
Medical,Residential,3,761,20,1,1,2,1
Medical,Highway,2,7150,9,1,1,2,1
Violence,Residential,5,5742,15,1,4,2,3
Accident,Industrial,3,3016,15,1,1,1,1
Fire,Residential,5,9691,18,0,2,2,6
Fire,Highway,4,9752,5,1,2,1,5
Violence,Highway,4,7411,4,1,4,1,2
Medical,Highway,2,4090,18,1,1,2,1
Violence,Residential,5,3052,8,0,4,2,3
Violence,Highway,3,5961,3,1,3,1,1
Accident,Residential,5,3609,18,1,2,2,3
Accident,Highway,5,3100,1,1,2,2,3
Accident,Industrial,3,8528,0,1,1,1,1
Fire,Residential,2,7349,4,0,1,0,4
Medical,Highway,1,4904,16,0,0,1,0
Medical,Industrial,4,7479,1,0,2,3,2
Accident,Highway,5,5277,18,0,2,2,3
Accident,Residential,3,9422,7,0,1,1,1
Violence,Industrial,5,9399,17,0,4,2,3
Violence,Industrial,4,8775,1,0,4,1,2
Violence,Highway,4,5985,19,0,4,1,2
Medical,Industrial,3,8493,17,0,1,2,1
Medical,Residential,4,9890,4,0,2,3,2
Accident,Highway,5,2472,0,0,2,2,3
Medical,Highway,5,1911,10,1,2,3,3
Accident,Industrial,5,8467,22,1,2,2,3
Accident,Industrial,5,2739,4,0,2,2,3
Accident,Highway,3,583,6,0,1,1,1
Medical,Highway,4,5851,19,1,2,3,2
Medical,Residential,1,2079,1,0,0,1,0
Fire,Highway,4,4028,22,0,2,1,5
Fire,Residential,1,4878,7,0,0,0,3
Accident,Residential,4,1921,19,0,2,1,2
Fire,Industrial,2,5842,2,1,1,0,4
Violence,Industrial,4,9214,2,1,4,1,2
Accident,Industrial,2,5565,7,0,1,0,1
Medical,Residential,3,5648,13,0,1,2,1
Medical,Highway,5,1369,4,0,2,3,3
Accident,Industrial,1,3153,1,0,0,0,0
Accident,Highway,3,8364,21,0,1,1,1
Fire,Residential,2,9238,7,1,1,0,4
Accident,Highway,4,7859,3,1,2,1,2
Fire,Highway,3,1288,14,1,1,1,4
Accident,Highway,3,4274,1,0,1,1,1
Violence,Residential,1,6415,16,0,2,0,0
Accident,Highway,2,1038,13,0,1,0,1
Medical,Industrial,4,576,21,0,2,3,2
Accident,Highway,3,8194,21,1,1,1,1
Violence,Industrial,2,2713,8,1,3,0,1
Fire,Residential,5,9537,9,1,2,2,6
Violence,Residential,5,2176,13,0,4,2,3
Accident,Industrial,3,3973,6,0,1,1,1
Accident,Industrial,4,810,3,0,2,1,2
Violence,Residential,3,827,4,0,3,1,1
Fire,Residential,2,2652,8,1,1,0,4
Violence,Industrial,1,8321,18,1,2,0,0
Medical,Highway,2,9665,1,0,1,2,1
Violence,Industrial,2,9402,0,0,3,0,1
Accident,Highway,2,3672,12,1,1,0,1
Accident,Residential,4,6456,17,1,2,1,2
Violence,Highway,5,1680,12,1,4,2,3
Violence,Highway,3,3122,14,0,3,1,1
Violence,Highway,5,6553,22,0,4,2,3
Fire,Residential,1,4711,13,1,0,0,3
Accident,Highway,4,7317,0,0,2,1,2
Accident,Residential,1,3120,17,1,0,0,0
Accident,Highway,2,964,19,1,1,0,1
Violence,Industrial,2,4868,10,1,3,0,1
Medical,Residential,2,9692,22,0,1,2,1
Accident,Highway,4,5753,19,0,2,1,2
Medical,Highway,3,6846,21,0,1,2,1
Violence,Highway,1,4445,5,0,2,0,0
Fire,Industrial,3,9584,23,0,1,1,4
Accident,Highway,4,9706,3,0,2,1,2
Accident,Industrial,3,5077,8,1,1,1,1
Fire,Residential,4,1423,12,0,2,1,5
Violence,Residential,3,1354,2,0,3,1,1
Accident,Residential,1,5328,23,0,0,0,0
Fire,Highway,3,1709,6,1,1,1,4
Fire,Industrial,1,4101,21,0,0,0,3
Accident,Residential,3,7480,11,0,1,1,1
Fire,Highway,5,3939,16,1,2,2,6
Accident,Residential,1,8691,11,1,0,0,0
Accident,Highway,3,813,7,0,1,1,1
Medical,Industrial,2,6466,7,1,1,2,1
Violence,Industrial,5,1506,0,0,4,2,3
Medical,Residential,1,9598,13,0,0,1,0
Medical,Residential,5,2848,2,0,2,3,3
Fire,Industrial,2,4082,8,1,1,0,4
Fire,Highway,4,1684,9,1,2,1,5
Fire,Highway,5,4019,17,1,2,2,6
Fire,Highway,5,3460,6,0,2,2,6
Fire,Residential,1,6363,2,1,0,0,3
Medical,Highway,4,1353,15,0,2,3,2
Medical,Highway,1,7211,18,0,0,1,0
Fire,Highway,2,5613,14,1,1,0,4
Accident,Industrial,5,7714,9,0,2,2,3
Fire,Residential,3,7797,19,1,1,1,4
Violence,Industrial,5,1789,7,0,4,2,3
Fire,Industrial,4,9613,23,1,2,1,5
Fire,Residential,5,8197,23,0,2,2,6
Medical,Industrial,1,7371,12,1,0,1,0
Accident,Highway,1,8082,20,0,0,0,0
Accident,Residential,3,1457,2,1,1,1,1
Accident,Residential,1,5957,22,0,0,0,0
Accident,Industrial,4,9295,12,1,2,1,2
Medical,Highway,3,5671,3,1,1,2,1
Medical,Residential,1,825,10,1,0,1,0
Medical,Highway,1,1600,8,0,0,1,0
Accident,Industrial,5,8070,8,0,2,2,3
Violence,Residential,4,4429,13,0,4,1,2
Medical,Residential,2,5185,14,1,1,2,1
Accident,Industrial,3,815,16,1,1,1,1
Medical,Highway,3,7186,1,0,1,2,1
Medical,Industrial,3,7079,6,1,1,2,1
Accident,Industrial,3,9273,6,1,1,1,1
Medical,Residential,2,6215,0,1,1,2,1
Fire,Residential,5,4084,11,0,2,2,6
Medical,Highway,3,1210,13,0,1,2,1
Accident,Highway,4,659,8,0,2,1,2
Accident,Industrial,1,5598,14,1,0,0,0
Accident,Industrial,3,8838,8,1,1,1,1
Medical,Residential,4,4217,8,1,2,3,2
Accident,Industrial,5,3090,14,0,2,2,3
Violence,Industrial,1,1241,3,1,2,0,0
Medical,Residential,5,9528,11,0,2,3,3
Accident,Highway,2,1481,7,0,1,0,1
Fire,Industrial,3,9921,17,0,1,1,4
Violence,Highway,1,9806,5,0,2,0,0
Medical,Residential,2,4769,0,1,1,2,1
Accident,Residential,4,4564,23,1,2,1,2
Violence,Residential,5,6713,4,0,4,2,3
Medical,Industrial,5,5921,13,0,2,3,3
Accident,Industrial,5,7097,4,1,2,2,3
Medical,Residential,1,4117,14,0,0,1,0
Violence,Highway,1,5821,1,0,2,0,0
Fire,Industrial,1,7708,14,0,0,0,3
Fire,Highway,2,6071,14,0,1,0,4
Accident,Industrial,2,7535,2,0,1,0,1
Fire,Highway,4,3244,5,1,2,1,5
Fire,Residential,4,9484,23,1,2,1,5
Accident,Highway,3,9823,5,1,1,1,1
Fire,Highway,3,8632,12,0,1,1,4
Violence,Residential,4,2776,0,1,4,1,2
Violence,Residential,3,4221,8,0,3,1,1
Violence,Industrial,4,1422,0,1,4,1,2
Accident,Highway,3,9129,23,1,1,1,1
Medical,Highway,4,6328,13,0,2,3,2
Violence,Industrial,2,1502,13,1,3,0,1
Medical,Highway,5,5470,5,1,2,3,3
Medical,Residential,2,5807,1,0,1,2,1
Violence,Residential,5,2524,11,0,4,2,3
Fire,Residential,1,4592,23,0,0,0,3
Medical,Residential,1,7474,5,1,0,1,0
Fire,Highway,5,6712,10,1,2,2,6
Medical,Highway,2,5778,22,0,1,2,1
Medical,Highway,5,8892,7,1,2,3,3
Violence,Residential,4,7234,8,0,4,1,2
Violence,Residential,3,9403,6,0,3,1,1
Violence,Residential,5,5214,16,0,4,2,3
Medical,Highway,5,3575,14,1,2,3,3
Violence,Residential,3,1202,19,1,3,1,1
Accident,Industrial,2,1777,7,1,1,0,1
Violence,Industrial,5,6516,16,0,4,2,3
Violence,Highway,1,7728,4,0,2,0,0
Medical,Residential,2,9017,15,0,1,2,1
Medical,Residential,3,6261,14,0,1,2,1
Medical,Residential,3,6453,20,1,1,2,1
Violence,Industrial,4,2704,9,1,4,1,2
Violence,Highway,5,596,23,0,4,2,3
Medical,Residential,2,536,2,1,1,2,1
Fire,Residential,2,878,0,1,1,0,4
Fire,Industrial,5,1162,12,1,2,2,6
Violence,Industrial,2,7543,8,0,3,0,1
Medical,Residential,2,8580,5,1,1,2,1
Accident,Residential,5,5355,21,0,2,2,3
Medical,Residential,3,5107,21,1,1,2,1
Accident,Highway,1,4980,2,1,0,0,0
Medical,Residential,2,6500,10,0,1,2,1
Violence,Residential,1,2411,19,0,2,0,0
Accident,Highway,5,1565,14,0,2,2,3
Accident,Highway,4,2922,5,1,2,1,2
Accident,Residential,3,4997,9,0,1,1,1
Fire,Industrial,1,9649,2,1,0,0,3
Accident,Industrial,4,1903,13,0,2,1,2
Accident,Industrial,1,6302,1,0,0,0,0
Medical,Highway,2,5693,11,0,1,2,1
Medical,Industrial,4,1759,0,1,2,3,2
Accident,Highway,4,1289,20,0,2,1,2
Fire,Residential,5,3371,3,0,2,2,6
Medical,Industrial,5,4904,9,0,2,3,3
Fire,Residential,3,4212,0,0,1,1,4
Fire,Residential,5,3736,22,0,2,2,6
Medical,Residential,1,2514,3,0,0,1,0
Medical,Industrial,4,6637,18,0,2,3,2
Violence,Highway,5,5946,20,0,4,2,3
Fire,Residential,1,8844,19,0,0,0,3
Fire,Industrial,4,7548,17,0,2,1,5
Accident,Highway,2,7074,4,0,1,0,1
Violence,Highway,4,7509,21,0,4,1,2
Medical,Highway,2,8607,19,1,1,2,1
Fire,Highway,1,1702,15,0,0,0,3
Medical,Highway,4,7492,20,1,2,3,2
Violence,Residential,2,9339,23,0,3,0,1
Medical,Residential,2,3178,0,1,1,2,1
Accident,Residential,4,3522,13,0,2,1,2
Medical,Residential,1,9054,3,0,0,1,0
Accident,Industrial,2,1838,19,1,1,0,1
Medical,Highway,5,8115,10,1,2,3,3
Medical,Highway,2,6566,14,1,1,2,1
Violence,Highway,2,832,4,1,3,0,1
Fire,Highway,5,4374,5,1,2,2,6
Medical,Residential,2,8570,2,1,1,2,1
Accident,Industrial,2,3511,7,1,1,0,1
Fire,Industrial,5,1759,12,0,2,2,6
Fire,Highway,2,800,22,0,1,0,4
Accident,Industrial,1,6855,18,0,0,0,0
Violence,Highway,4,8094,10,0,4,1,2
Violence,Residential,4,8627,1,1,4,1,2
Fire,Residential,5,9124,21,0,2,2,6
Accident,Industrial,5,9391,19,1,2,2,3
Accident,Highway,4,1315,14,0,2,1,2
Violence,Residential,5,3455,5,0,4,2,3
Violence,Highway,5,3106,17,1,4,2,3
Fire,Industrial,2,2356,20,0,1,0,4
Fire,Residential,5,2704,1,0,2,2,6
Fire,Residential,5,8691,9,0,2,2,6
Medical,Highway,5,8765,5,0,2,3,3
Fire,Industrial,1,1062,6,1,0,0,3
Accident,Highway,4,4035,23,0,2,1,2
Violence,Residential,5,9359,2,1,4,2,3
Fire,Residential,3,1566,19,0,1,1,4
Violence,Residential,5,5877,14,1,4,2,3
Medical,Residential,1,2363,2,1,0,1,0
Accident,Industrial,3,3532,1,1,1,1,1
Accident,Industrial,4,4111,22,0,2,1,2
Violence,Highway,2,2868,4,1,3,0,1
Violence,Highway,1,2807,4,0,2,0,0
Medical,Industrial,3,4495,19,1,1,2,1
Medical,Residential,3,3265,5,0,1,2,1
Medical,Residential,5,3773,0,0,2,3,3
Fire,Residential,1,2875,14,1,0,0,3
Violence,Highway,1,9300,10,1,2,0,0
Accident,Highway,4,6953,15,0,2,1,2
Medical,Residential,4,8175,2,0,2,3,2
Medical,Industrial,4,6497,11,0,2,3,2
Medical,Highway,3,9319,22,0,1,2,1
Accident,Highway,2,2052,7,0,1,0,1
Fire,Residential,4,5209,7,0,2,1,5
Fire,Residential,1,7073,9,1,0,0,3
Accident,Industrial,1,8294,9,1,0,0,0
Fire,Highway,5,2820,3,1,2,2,6
Medical,Residential,5,7945,7,1,2,3,3
Accident,Industrial,2,7655,4,1,1,0,1
Fire,Highway,1,917,23,1,0,0,3
Fire,Highway,5,2154,9,0,2,2,6
Accident,Residential,1,9785,13,1,0,0,0
Violence,Residential,2,1215,2,1,3,0,1
Accident,Highway,5,5867,13,0,2,2,3
Fire,Residential,5,5746,22,0,2,2,6
Accident,Industrial,1,2428,19,0,0,0,0
Accident,Highway,4,8190,17,0,2,1,2
Accident,Highway,5,5939,0,1,2,2,3
Accident,Residential,3,2240,12,0,1,1,1
Violence,Residential,1,8626,2,1,2,0,0
Fire,Highway,5,5781,14,0,2,2,6
Accident,Highway,3,3497,21,0,1,1,1
Medical,Highway,2,8262,14,1,1,2,1
Accident,Highway,3,2910,3,1,1,1,1
Medical,Highway,5,7629,4,1,2,3,3
Fire,Industrial,3,8138,17,0,1,1,4
Fire,Highway,1,7559,2,0,0,0,3
Fire,Residential,3,9261,5,1,1,1,4
Accident,Highway,4,2311,15,1,2,1,2
Accident,Residential,4,1106,15,1,2,1,2
Medical,Highway,5,1758,4,1,2,3,3
Accident,Highway,1,7000,10,1,0,0,0
Accident,Residential,5,2182,3,0,2,2,3
Violence,Highway,5,1723,12,0,4,2,3
Medical,Highway,5,4240,9,0,2,3,3
Medical,Highway,4,9928,20,0,2,3,2
Medical,Highway,3,9913,8,0,1,2,1
Violence,Residential,2,5158,14,1,3,0,1
Violence,Industrial,4,3113,7,0,4,1,2
Violence,Residential,2,2139,14,0,3,0,1
Accident,Industrial,2,4183,3,0,1,0,1
Accident,Residential,1,6453,21,1,0,0,0
Accident,Residential,1,8829,18,0,0,0,0
Violence,Highway,2,8107,2,1,3,0,1
Fire,Residential,4,1899,5,0,2,1,5
Medical,Industrial,4,8563,10,0,2,3,2
Violence,Residential,4,2972,22,0,4,1,2
Accident,Residential,2,1404,2,0,1,0,1
Accident,Residential,3,1290,15,1,1,1,1
Accident,Highway,1,9283,7,0,0,0,0
Medical,Industrial,4,4309,0,1,2,3,2
Fire,Industrial,5,6367,6,0,2,2,6
Medical,Highway,4,3881,0,0,2,3,2
Violence,Highway,5,3496,16,1,4,2,3
Violence,Industrial,3,3452,14,0,3,1,1
Fire,Highway,1,3600,4,1,0,0,3
Fire,Residential,5,4064,19,1,2,2,6
Violence,Highway,4,7323,2,0,4,1,2
Medical,Industrial,2,4614,19,1,1,2,1
Fire,Industrial,1,9053,6,0,0,0,3
Violence,Highway,5,5648,11,1,4,2,3
Medical,Highway,4,4619,11,0,2,3,2
Violence,Highway,4,6114,2,1,4,1,2
Medical,Industrial,3,8332,2,0,1,2,1
Accident,Industrial,5,8739,14,1,2,2,3
Violence,Residential,5,9615,22,0,4,2,3
Accident,Highway,1,7211,13,0,0,0,0
Violence,Residential,4,8655,4,1,4,1,2
Fire,Highway,3,6200,13,0,1,1,4
Accident,Residential,1,573,22,1,0,0,0
Violence,Industrial,4,6034,15,1,4,1,2
Accident,Highway,5,7777,22,1,2,2,3
Medical,Industrial,5,1232,14,0,2,3,3
Violence,Residential,4,2974,6,1,4,1,2
Fire,Highway,4,6053,14,1,2,1,5
Violence,Industrial,5,7068,7,1,4,2,3
Accident,Highway,4,5234,2,0,2,1,2
Violence,Residential,2,5173,17,1,3,0,1
Violence,Residential,5,6030,12,1,4,2,3
Accident,Highway,3,9847,16,1,1,1,1
Fire,Highway,2,681,22,1,1,0,4
Accident,Highway,4,739,21,0,2,1,2
Violence,Highway,4,2225,6,0,4,1,2
Violence,Highway,5,8616,7,1,4,2,3
Violence,Residential,1,2926,22,0,2,0,0
Violence,Residential,3,3810,3,0,3,1,1
Medical,Highway,4,4782,14,1,2,3,2
Accident,Highway,1,4057,16,1,0,0,0
Violence,Residential,5,1308,13,0,4,2,3
Accident,Residential,3,6136,3,0,1,1,1
Accident,Highway,1,8774,5,0,0,0,0
Violence,Industrial,4,1027,0,0,4,1,2
Accident,Highway,2,4628,9,0,1,0,1
Accident,Highway,2,2128,16,0,1,0,1
Fire,Highway,3,1202,1,0,1,1,4
Accident,Highway,4,3037,14,0,2,1,2
Accident,Highway,2,3426,13,1,1,0,1
Fire,Residential,4,8293,5,1,2,1,5
Accident,Industrial,1,5630,2,1,0,0,0
Medical,Residential,1,1171,15,0,0,1,0
Fire,Industrial,2,4170,23,0,1,0,4
Violence,Highway,3,6735,13,0,3,1,1
Fire,Industrial,3,8634,15,1,1,1,4
Fire,Highway,1,6298,15,0,0,0,3
Violence,Residential,3,3545,3,1,3,1,1
Violence,Industrial,4,600,3,0,4,1,2
Accident,Industrial,2,1333,3,1,1,0,1
Fire,Highway,5,7832,3,0,2,2,6
Accident,Industrial,4,1855,5,1,2,1,2
Medical,Residential,3,4875,23,1,1,2,1
Accident,Industrial,1,6085,20,0,0,0,0
Accident,Residential,2,7356,23,1,1,0,1
Medical,Highway,1,8677,15,0,0,1,0
Accident,Highway,5,8671,3,0,2,2,3
Medical,Residential,2,4455,13,0,1,2,1
Medical,Highway,3,8214,10,1,1,2,1
Violence,Residential,1,2358,4,1,2,0,0
Medical,Residential,2,893,13,1,1,2,1
Medical,Residential,2,5521,14,0,1,2,1
Violence,Residential,2,2495,17,1,3,0,1
Violence,Residential,4,9349,6,1,4,1,2
Medical,Highway,4,4318,19,1,2,3,2
Fire,Highway,1,1387,16,0,0,0,3
Violence,Highway,3,6497,7,0,3,1,1
Fire,Residential,4,8032,17,0,2,1,5
Fire,Residential,4,9321,0,1,2,1,5
Fire,Industrial,4,7185,12,0,2,1,5
Fire,Highway,2,4582,6,1,1,0,4
Violence,Highway,1,9111,5,0,2,0,0
Fire,Highway,5,3447,18,0,2,2,6
Medical,Highway,3,9435,2,1,1,2,1
Medical,Industrial,5,7991,15,0,2,3,3
Violence,Highway,4,9971,8,0,4,1,2
Fire,Industrial,1,6284,20,0,0,0,3
Fire,Highway,4,7609,13,1,2,1,5
Violence,Industrial,3,5879,14,0,3,1,1
Medical,Residential,5,1691,8,1,2,3,3
Violence,Industrial,2,9335,2,1,3,0,1
Medical,Industrial,1,4308,4,0,0,1,0
Violence,Highway,1,5715,4,1,2,0,0
Accident,Industrial,5,568,20,0,2,2,3
Fire,Industrial,3,5645,4,0,1,1,4
Violence,Residential,5,4530,5,0,4,2,3
Accident,Industrial,4,8012,19,0,2,1,2
Fire,Residential,2,4295,22,0,1,0,4
Violence,Residential,4,2274,13,0,4,1,2
Accident,Industrial,3,9040,12,0,1,1,1
Violence,Residential,2,4329,3,0,3,0,1
Fire,Residential,4,8248,15,1,2,1,5
Accident,Highway,1,4170,14,1,0,0,0
Accident,Industrial,4,2238,11,0,2,1,2
Fire,Residential,5,2425,17,0,2,2,6
Fire,Industrial,3,8580,18,1,1,1,4
Accident,Industrial,1,2720,4,0,0,0,0
Medical,Residential,2,1349,19,1,1,2,1
Violence,Highway,5,6025,21,0,4,2,3
Violence,Residential,1,4031,3,1,2,0,0
Accident,Highway,2,9624,11,0,1,0,1
Accident,Highway,1,1729,9,0,0,0,0
Fire,Industrial,3,5532,14,1,1,1,4
Accident,Industrial,3,8267,7,1,1,1,1
Violence,Industrial,5,2502,23,0,4,2,3
Accident,Industrial,4,514,18,0,2,1,2
Accident,Residential,2,2371,15,0,1,0,1
Medical,Highway,2,9917,19,1,1,2,1
Accident,Highway,1,9369,7,1,0,0,0
Violence,Highway,5,3168,19,0,4,2,3
Accident,Highway,1,8953,14,0,0,0,0
Accident,Residential,1,7179,19,0,0,0,0
Fire,Industrial,3,5559,19,1,1,1,4
Fire,Highway,4,2711,15,0,2,1,5
Accident,Industrial,3,4763,16,0,1,1,1
Accident,Residential,3,6932,8,0,1,1,1
Violence,Highway,1,5478,6,0,2,0,0
Violence,Industrial,5,514,12,1,4,2,3
Medical,Highway,4,4336,14,0,2,3,2
Violence,Residential,1,6725,12,0,2,0,0
Violence,Highway,4,8703,23,0,4,1,2
Violence,Residential,1,7702,2,1,2,0,0
Violence,Residential,4,9186,0,1,4,1,2
Violence,Industrial,4,1512,16,1,4,1,2
Violence,Highway,5,2871,12,0,4,2,3
Violence,Residential,3,4043,18,0,3,1,1
Violence,Residential,2,1421,5,0,3,0,1
Accident,Industrial,2,3002,14,1,1,0,1
Violence,Industrial,1,1851,8,1,2,0,0
Fire,Highway,5,2619,9,0,2,2,6
Violence,Industrial,2,3041,20,1,3,0,1
Fire,Industrial,4,7503,15,1,2,1,5
Fire,Highway,1,4219,16,1,0,0,3
Fire,Highway,4,5124,6,0,2,1,5
Medical,Industrial,1,7465,4,1,0,1,0
Fire,Residential,4,5902,13,0,2,1,5
Fire,Highway,1,8166,14,1,0,0,3
Accident,Highway,2,3671,7,1,1,0,1
Violence,Residential,2,2398,3,1,3,0,1
Accident,Residential,1,8708,21,0,0,0,0
Violence,Residential,5,4986,6,0,4,2,3
Accident,Industrial,4,7073,19,0,2,1,2
Accident,Residential,2,5360,9,0,1,0,1
Accident,Residential,5,6829,4,0,2,2,3
Fire,Industrial,4,4753,23,0,2,1,5
Violence,Industrial,2,4725,17,0,3,0,1
Medical,Industrial,4,935,22,0,2,3,2
Violence,Industrial,5,8449,2,0,4,2,3
Medical,Industrial,4,5702,13,1,2,3,2
Accident,Industrial,3,4510,15,0,1,1,1
Fire,Industrial,1,2884,13,1,0,0,3
Fire,Industrial,2,6613,14,1,1,0,4
Medical,Highway,3,7165,19,0,1,2,1
Fire,Residential,4,2923,15,1,2,1,5
Fire,Industrial,5,8035,13,1,2,2,6
Medical,Highway,5,1288,4,0,2,3,3
Violence,Industrial,5,587,10,0,4,2,3
Medical,Industrial,4,8397,2,0,2,3,2
Violence,Highway,5,1747,13,1,4,2,3
Fire,Residential,3,8096,0,0,1,1,4
Fire,Industrial,3,6553,1,0,1,1,4
Violence,Residential,4,9812,6,0,4,1,2
Violence,Residential,2,6819,21,1,3,0,1
Fire,Highway,5,3221,19,1,2,2,6
Medical,Industrial,4,1482,12,0,2,3,2
Violence,Industrial,1,2881,1,1,2,0,0
Medical,Residential,1,7425,0,1,0,1,0
Accident,Residential,2,8841,2,0,1,0,1
Violence,Residential,3,2475,8,1,3,1,1
Medical,Residential,2,3596,23,0,1,2,1
Fire,Residential,3,8553,4,1,1,1,4
Violence,Highway,3,9073,0,0,3,1,1
Fire,Highway,4,2605,8,1,2,1,5
Violence,Highway,2,8072,12,0,3,0,1
Accident,Highway,4,9357,21,0,2,1,2
Medical,Residential,2,5853,13,1,1,2,1
Medical,Highway,1,9222,1,1,0,1,0
Accident,Industrial,2,8438,5,0,1,0,1
Fire,Residential,1,1245,16,1,0,0,3
Fire,Industrial,3,1293,9,1,1,1,4
Accident,Residential,1,4460,12,0,0,0,0
Medical,Highway,5,8588,20,0,2,3,3
Fire,Residential,5,2713,3,1,2,2,6
Accident,Highway,5,8050,19,0,2,2,3
Accident,Residential,2,6632,9,1,1,0,1
Fire,Residential,1,1356,8,0,0,0,3
Violence,Industrial,1,9909,0,0,2,0,0
Accident,Residential,3,3968,17,0,1,1,1
Medical,Residential,2,6002,15,1,1,2,1
Violence,Highway,2,1534,16,1,3,0,1
Fire,Highway,1,6951,22,0,0,0,3
Accident,Residential,3,1711,1,0,1,1,1
Violence,Industrial,2,8256,9,0,3,0,1
Accident,Highway,1,4363,19,0,0,0,0
Fire,Industrial,3,6439,2,0,1,1,4
Fire,Residential,5,8971,20,1,2,2,6
Accident,Industrial,3,1260,17,0,1,1,1
Fire,Residential,5,9180,2,1,2,2,6
Medical,Highway,5,1382,0,1,2,3,3
Accident,Industrial,4,3124,10,1,2,1,2
Medical,Highway,1,2046,19,0,0,1,0
Violence,Industrial,1,4907,16,0,2,0,0
Medical,Highway,5,3141,19,0,2,3,3
Fire,Highway,1,6456,6,1,0,0,3
Accident,Residential,5,658,18,0,2,2,3
Accident,Highway,1,5671,8,0,0,0,0
Violence,Highway,1,7844,18,0,2,0,0
Accident,Residential,3,6926,2,1,1,1,1
Fire,Highway,2,9164,21,0,1,0,4
Fire,Residential,3,1329,9,0,1,1,4
Fire,Highway,3,2688,13,0,1,1,4
Medical,Residential,5,3747,9,0,2,3,3
Medical,Highway,1,845,15,1,0,1,0
Medical,Industrial,3,1145,23,1,1,2,1
Medical,Industrial,5,609,21,0,2,3,3
Fire,Industrial,5,9939,14,1,2,2,6
Fire,Highway,5,4603,6,1,2,2,6
Violence,Residential,2,551,15,0,3,0,1
Violence,Industrial,1,1769,4,0,2,0,0
Fire,Highway,1,9808,15,1,0,0,3
Accident,Industrial,5,8118,6,1,2,2,3
Violence,Industrial,5,5048,9,0,4,2,3
Violence,Highway,1,1565,10,1,2,0,0
Fire,Residential,5,7837,17,1,2,2,6
Fire,Residential,1,7013,2,0,0,0,3
Fire,Industrial,1,4623,17,1,0,0,3
Violence,Highway,1,6248,4,0,2,0,0
Fire,Highway,1,1635,16,1,0,0,3
Medical,Highway,2,8419,18,1,1,2,1
Medical,Residential,1,4398,18,0,0,1,0
Fire,Residential,5,8739,5,1,2,2,6
Violence,Highway,3,2298,21,0,3,1,1
Accident,Industrial,3,4351,21,0,1,1,1
Accident,Residential,4,9915,15,1,2,1,2
Violence,Industrial,4,1903,9,0,4,1,2
Fire,Highway,5,6368,15,0,2,2,6
Fire,Highway,1,5783,16,1,0,0,3
Accident,Industrial,1,9385,19,1,0,0,0
Medical,Industrial,4,9078,10,1,2,3,2
Accident,Highway,4,3221,21,1,2,1,2
Accident,Industrial,3,2298,1,1,1,1,1
Accident,Industrial,1,8006,10,0,0,0,0
Medical,Industrial,4,7111,21,0,2,3,2
Accident,Highway,4,6400,1,1,2,1,2
Accident,Industrial,1,5488,13,1,0,0,0
Medical,Highway,4,3766,13,0,2,3,2
Fire,Industrial,1,3540,0,0,0,0,3
Violence,Industrial,5,9588,0,0,4,2,3
Accident,Residential,1,2312,20,1,0,0,0
Violence,Industrial,2,2918,4,0,3,0,1
Fire,Highway,5,3275,23,1,2,2,6
Medical,Highway,1,5093,12,1,0,1,0
Violence,Highway,4,2949,19,0,4,1,2
Fire,Industrial,1,763,4,1,0,0,3
Accident,Highway,1,5766,12,1,0,0,0
Medical,Industrial,2,7995,2,0,1,2,1
Violence,Industrial,4,3383,16,0,4,1,2
Violence,Residential,5,7170,15,0,4,2,3
Violence,Highway,3,5349,21,1,3,1,1
Violence,Residential,4,9369,16,1,4,1,2
Fire,Residential,4,2992,6,0,2,1,5
Fire,Highway,2,3490,9,0,1,0,4
Violence,Industrial,3,2909,0,0,3,1,1
Medical,Highway,5,5125,21,1,2,3,3
Medical,Highway,2,3864,15,1,1,2,1
Medical,Industrial,1,8188,16,0,0,1,0
Medical,Industrial,1,5371,15,0,0,1,0
Fire,Industrial,4,8011,17,0,2,1,5
Medical,Highway,4,5089,4,1,2,3,2
Violence,Residential,1,1373,9,0,2,0,0
Violence,Residential,3,8445,13,0,3,1,1
Fire,Industrial,1,1321,7,0,0,0,3
Fire,Residential,4,9398,7,1,2,1,5
Violence,Industrial,5,8990,12,1,4,2,3
Violence,Highway,1,2113,15,1,2,0,0
Fire,Highway,5,9903,10,1,2,2,6
Accident,Industrial,5,1745,4,1,2,2,3
Violence,Residential,5,1747,17,1,4,2,3
Medical,Residential,1,6978,4,1,0,1,0
Medical,Residential,1,8095,10,0,0,1,0
Medical,Industrial,5,4595,19,1,2,3,3
Accident,Highway,4,8882,22,1,2,1,2
Accident,Industrial,2,1509,7,1,1,0,1
Fire,Residential,2,6611,15,1,1,0,4
Fire,Industrial,1,8675,3,0,0,0,3
Violence,Residential,4,9579,9,1,4,1,2
Medical,Highway,3,3740,21,0,1,2,1
Violence,Industrial,5,575,14,1,4,2,3
Accident,Highway,1,8719,16,0,0,0,0
Accident,Highway,4,6833,10,1,2,1,2
Accident,Residential,3,2568,12,0,1,1,1
Fire,Industrial,3,2244,9,0,1,1,4
Violence,Industrial,3,9217,2,1,3,1,1
Accident,Residential,5,3666,13,1,2,2,3
Medical,Highway,5,3156,9,0,2,3,3
Violence,Industrial,1,804,20,1,2,0,0
Medical,Industrial,1,3150,18,1,0,1,0
Violence,Residential,3,9787,9,1,3,1,1
Accident,Industrial,5,8125,12,1,2,2,3
Fire,Residential,1,1290,5,1,0,0,3
Fire,Residential,2,1982,19,0,1,0,4
Accident,Highway,4,3221,11,1,2,1,2
Violence,Highway,1,3640,23,1,2,0,0
Violence,Highway,2,7698,1,0,3,0,1
Fire,Residential,5,3942,16,1,2,2,6
Violence,Highway,2,6393,17,1,3,0,1
Violence,Industrial,5,8304,3,0,4,2,3
Fire,Residential,3,4512,15,1,1,1,4
Medical,Industrial,1,1581,11,1,0,1,0
Accident,Industrial,2,8405,4,1,1,0,1
Fire,Residential,5,1617,20,0,2,2,6
Accident,Industrial,2,981,9,1,1,0,1
Medical,Residential,3,6908,8,1,1,2,1
Violence,Residential,1,4233,5,1,2,0,0
Fire,Highway,4,4102,3,0,2,1,5
Violence,Residential,1,7743,16,0,2,0,0
Accident,Highway,4,847,13,0,2,1,2
Medical,Residential,3,4396,2,0,1,2,1
Medical,Highway,1,6805,0,1,0,1,0
Violence,Industrial,3,1791,13,1,3,1,1
Accident,Residential,5,6867,3,1,2,2,3
Accident,Industrial,3,4661,17,1,1,1,1
Fire,Residential,5,7256,11,1,2,2,6
Medical,Residential,5,9317,3,0,2,3,3
Fire,Residential,3,4591,17,0,1,1,4
Accident,Industrial,5,8485,18,0,2,2,3
Accident,Industrial,3,7947,16,0,1,1,1
Violence,Highway,3,1583,21,0,3,1,1
Medical,Residential,4,6432,4,1,2,3,2
Fire,Highway,3,830,15,0,1,1,4
Medical,Highway,1,2660,13,1,0,1,0
Fire,Industrial,1,3995,1,1,0,0,3
Violence,Highway,1,3915,21,0,2,0,0
Accident,Residential,4,8301,0,0,2,1,2
Medical,Highway,2,6977,18,0,1,2,1
Violence,Industrial,4,3619,11,0,4,1,2
Medical,Residential,5,7908,16,0,2,3,3
Accident,Highway,5,6237,4,1,2,2,3
Medical,Highway,1,578,20,0,0,1,0
Fire,Industrial,1,1746,6,1,0,0,3
Violence,Industrial,3,1464,20,0,3,1,1
Accident,Highway,3,7931,1,1,1,1,1
Violence,Residential,3,4007,22,1,3,1,1
Violence,Industrial,2,7314,21,1,3,0,1
Medical,Industrial,4,9411,21,0,2,3,2
Fire,Residential,5,3754,1,1,2,2,6
Violence,Highway,5,5544,10,1,4,2,3
Fire,Residential,4,3937,2,1,2,1,5
Violence,Highway,1,1517,5,1,2,0,0
Medical,Highway,4,5409,8,0,2,3,2
Medical,Residential,2,7055,18,1,1,2,1
Violence,Industrial,3,3624,15,0,3,1,1
Fire,Industrial,1,1970,6,0,0,0,3
Violence,Highway,2,9047,5,1,3,0,1
Medical,Industrial,2,5689,13,1,1,2,1
Accident,Residential,1,4856,14,1,0,0,0
Violence,Highway,5,6542,18,0,4,2,3
Fire,Highway,5,8672,14,1,2,2,6
Violence,Residential,2,7579,13,1,3,0,1
Violence,Industrial,5,7391,9,0,4,2,3
Fire,Highway,4,8330,9,0,2,1,5
Accident,Highway,3,7130,6,1,1,1,1
Medical,Highway,2,3049,23,1,1,2,1
Fire,Highway,2,527,20,0,1,0,4
Violence,Industrial,4,8200,21,1,4,1,2
Fire,Residential,5,8434,9,0,2,2,6
Medical,Residential,1,2537,13,1,0,1,0
Accident,Highway,5,700,7,0,2,2,3
Accident,Highway,1,2813,12,1,0,0,0
Medical,Highway,5,3215,8,1,2,3,3
Fire,Industrial,3,6556,23,0,1,1,4
Medical,Residential,2,2062,17,0,1,2,1
Medical,Industrial,3,6091,3,1,1,2,1
Medical,Highway,5,4989,2,1,2,3,3
Medical,Highway,4,5004,15,1,2,3,2
Accident,Residential,3,5482,23,0,1,1,1
Accident,Residential,4,4733,5,1,2,1,2
Violence,Industrial,3,9697,17,0,3,1,1
Medical,Industrial,4,5260,15,0,2,3,2
Violence,Residential,1,4321,15,1,2,0,0
Fire,Residential,5,6506,14,1,2,2,6
Accident,Residential,5,6878,23,0,2,2,3
Fire,Residential,2,5849,2,0,1,0,4
Medical,Residential,2,5108,2,1,1,2,1
Fire,Residential,3,7780,5,1,1,1,4
Violence,Residential,1,4694,2,0,2,0,0
Medical,Highway,5,7044,10,1,2,3,3
Medical,Highway,1,6142,7,0,0,1,0
Fire,Residential,2,9464,9,0,1,0,4
Medical,Industrial,5,527,8,0,2,3,3
Fire,Highway,1,8348,1,0,0,0,3
Violence,Residential,1,2301,9,0,2,0,0
Accident,Highway,5,4136,16,0,2,2,3
Medical,Highway,4,8307,8,1,2,3,2
Accident,Industrial,1,2878,7,0,0,0,0
Medical,Industrial,5,8784,12,0,2,3,3
Accident,Residential,4,1117,1,0,2,1,2
Medical,Residential,1,8182,14,1,0,1,0
Violence,Highway,3,6224,19,0,3,1,1
Medical,Residential,3,4127,4,1,1,2,1
Accident,Industrial,1,9573,11,0,0,0,0
Fire,Industrial,5,9997,20,1,2,2,6
Violence,Highway,5,3597,11,0,4,2,3
Medical,Residential,1,3559,23,1,0,1,0
Violence,Residential,1,2303,15,0,2,0,0
Accident,Highway,5,3894,1,1,2,2,3
Fire,Highway,3,1097,1,1,1,1,4
Fire,Highway,5,6857,14,0,2,2,6
Medical,Highway,4,6766,0,1,2,3,2
Accident,Industrial,2,1218,1,0,1,0,1
Medical,Industrial,2,4045,12,0,1,2,1
Violence,Residential,1,6288,10,0,2,0,0
Accident,Residential,1,7376,12,0,0,0,0
Violence,Industrial,2,6786,19,1,3,0,1
Accident,Industrial,3,8177,6,0,1,1,1
Violence,Residential,2,3203,5,1,3,0,1
Medical,Industrial,5,7054,3,1,2,3,3
Violence,Residential,2,2050,20,1,3,0,1
Accident,Highway,2,2737,8,0,1,0,1
Accident,Residential,4,9161,3,1,2,1,2
Medical,Residential,3,6350,23,1,1,2,1
Fire,Industrial,4,8353,5,0,2,1,5
Fire,Highway,3,5671,15,1,1,1,4
Accident,Industrial,5,652,11,0,2,2,3
Accident,Highway,5,1255,2,1,2,2,3
Fire,Residential,1,3874,11,0,0,0,3
Fire,Residential,2,5368,17,1,1,0,4
Accident,Residential,4,2413,9,0,2,1,2
Fire,Residential,4,3088,7,0,2,1,5
Fire,Residential,4,9436,19,1,2,1,5
Medical,Industrial,3,1287,16,0,1,2,1
Violence,Residential,3,6135,12,0,3,1,1
Fire,Residential,2,4770,17,0,1,0,4
Accident,Industrial,1,7475,13,0,0,0,0
Accident,Residential,3,5525,8,0,1,1,1
Fire,Industrial,4,2989,21,0,2,1,5
Medical,Highway,5,3124,22,1,2,3,3
Fire,Highway,3,4952,19,0,1,1,4
Medical,Highway,1,5575,1,0,0,1,0
Fire,Industrial,5,1957,0,1,2,2,6
Violence,Residential,5,1369,20,0,4,2,3
Violence,Highway,5,7240,8,1,4,2,3
Medical,Highway,2,9180,23,0,1,2,1
Fire,Residential,2,8501,15,1,1,0,4
Medical,Highway,1,4875,15,0,0,1,0
Fire,Highway,1,4602,1,0,0,0,3
Fire,Residential,3,4046,11,1,1,1,4
Accident,Industrial,4,6759,23,1,2,1,2
Violence,Industrial,5,6096,3,1,4,2,3
Fire,Residential,4,8483,7,1,2,1,5
Medical,Residential,1,7828,18,1,0,1,0
Violence,Highway,3,7542,20,0,3,1,1
Violence,Highway,1,3588,4,0,2,0,0
Violence,Industrial,1,3598,13,1,2,0,0
Violence,Residential,2,5593,20,0,3,0,1
Accident,Industrial,3,8015,6,0,1,1,1
Violence,Industrial,1,8844,21,1,2,0,0
Accident,Residential,2,7344,2,0,1,0,1
Fire,Highway,1,2131,7,1,0,0,3
Violence,Highway,2,7060,11,1,3,0,1
Violence,Residential,5,3948,1,0,4,2,3
Accident,Highway,5,9147,20,1,2,2,3
Accident,Highway,4,6338,16,1,2,1,2
Fire,Industrial,4,3878,1,1,2,1,5
Medical,Highway,5,5057,5,1,2,3,3
Fire,Industrial,4,7170,2,1,2,1,5
Medical,Residential,4,3175,23,1,2,3,2
Fire,Highway,5,1065,21,1,2,2,6
Medical,Industrial,5,4631,17,0,2,3,3
Violence,Industrial,3,3791,1,0,3,1,1
Medical,Residential,1,2137,4,1,0,1,0
Violence,Highway,1,4347,6,0,2,0,0
Violence,Highway,4,3061,6,0,4,1,2
Violence,Industrial,5,5843,6,0,4,2,3
Medical,Highway,1,4492,17,0,0,1,0
Violence,Residential,5,7319,16,0,4,2,3
Accident,Highway,2,5682,19,1,1,0,1
Violence,Residential,5,7567,18,1,4,2,3
Fire,Residential,5,2471,4,0,2,2,6
Medical,Highway,1,5561,17,1,0,1,0
Violence,Highway,5,5512,12,0,4,2,3
Medical,Industrial,5,1074,17,1,2,3,3
Fire,Highway,1,4249,4,1,0,0,3
Violence,Highway,2,7238,22,1,3,0,1
Accident,Industrial,2,4980,3,0,1,0,1
Fire,Industrial,5,3565,17,0,2,2,6
Violence,Highway,1,9409,16,1,2,0,0
Accident,Highway,1,9681,7,0,0,0,0
Violence,Residential,3,3708,4,1,3,1,1
Fire,Residential,2,8345,2,0,1,0,4
Fire,Highway,2,5496,17,1,1,0,4
Accident,Industrial,2,6792,6,0,1,0,1
Medical,Industrial,3,7322,2,0,1,2,1
Accident,Residential,5,816,5,1,2,2,3
Medical,Residential,2,5931,14,1,1,2,1
Fire,Residential,1,3784,18,1,0,0,3
Accident,Highway,4,2106,21,0,2,1,2
Fire,Highway,4,8730,14,1,2,1,5
Violence,Highway,2,2998,5,0,3,0,1
Violence,Highway,2,7228,14,1,3,0,1
Fire,Industrial,2,1576,6,1,1,0,4
Fire,Residential,4,1353,13,0,2,1,5
Violence,Industrial,4,3253,5,0,4,1,2
Fire,Industrial,1,2744,22,0,0,0,3
Fire,Industrial,3,5803,0,0,1,1,4
Accident,Industrial,3,3827,22,0,1,1,1
Fire,Highway,3,1553,20,0,1,1,4
Medical,Industrial,5,5831,17,0,2,3,3
Medical,Highway,4,5063,19,1,2,3,2
Violence,Residential,2,3735,19,1,3,0,1
Accident,Highway,2,5047,13,0,1,0,1
Medical,Residential,1,7430,1,0,0,1,0
Accident,Highway,5,3968,4,1,2,2,3
Fire,Industrial,2,4843,17,1,1,0,4
Medical,Industrial,2,2982,11,0,1,2,1
Medical,Highway,4,4628,22,0,2,3,2
Violence,Highway,2,3802,9,0,3,0,1
Accident,Highway,1,895,21,0,0,0,0
Fire,Industrial,4,7812,17,1,2,1,5
Fire,Highway,1,1642,11,0,0,0,3
Violence,Highway,4,5906,9,0,4,1,2
Accident,Highway,1,2115,1,1,0,0,0
Medical,Residential,5,3298,21,1,2,3,3
Medical,Residential,5,5595,0,0,2,3,3
Medical,Highway,1,3390,16,1,0,1,0
Accident,Highway,3,8870,13,1,1,1,1
Medical,Residential,1,2688,17,0,0,1,0
Violence,Industrial,5,5919,12,0,4,2,3
Accident,Industrial,4,1128,4,1,2,1,2
Accident,Residential,4,9451,20,0,2,1,2
Fire,Highway,2,9365,9,0,1,0,4
Medical,Highway,1,3285,15,1,0,1,0
Accident,Highway,1,9611,1,1,0,0,0
Medical,Highway,4,8684,11,0,2,3,2
Violence,Highway,2,4165,21,1,3,0,1
Violence,Residential,1,9333,21,0,2,0,0
Accident,Highway,4,8956,5,0,2,1,2
Violence,Residential,5,7593,23,0,4,2,3
Medical,Industrial,2,6799,10,0,1,2,1
Violence,Highway,5,4999,22,0,4,2,3
Violence,Industrial,4,3813,0,0,4,1,2
Accident,Residential,5,5134,21,0,2,2,3
Medical,Industrial,1,2540,10,1,0,1,0
Accident,Residential,1,990,0,0,0,0,0
Medical,Highway,4,7276,19,1,2,3,2
Fire,Industrial,4,2562,0,0,2,1,5
Accident,Residential,4,4536,0,1,2,1,2
Medical,Residential,1,5363,15,0,0,1,0
Medical,Highway,2,2509,13,0,1,2,1
Accident,Residential,2,8314,11,1,1,0,1
Fire,Residential,5,1091,12,0,2,2,6
Medical,Highway,4,5625,22,0,2,3,2
Medical,Highway,1,4597,4,0,0,1,0
Medical,Industrial,3,508,5,0,1,2,1
Accident,Residential,5,1224,11,0,2,2,3
Fire,Highway,4,7247,19,0,2,1,5
Medical,Industrial,4,7380,3,0,2,3,2
Accident,Residential,1,877,23,0,0,0,0
Violence,Residential,5,8126,4,0,4,2,3
Violence,Highway,4,1158,12,1,4,1,2
Medical,Industrial,5,4778,16,0,2,3,3
Accident,Industrial,1,7216,16,0,0,0,0
Violence,Highway,4,9143,0,1,4,1,2
Violence,Industrial,5,7407,8,0,4,2,3
Medical,Highway,5,4720,5,1,2,3,3
Medical,Residential,1,8185,14,0,0,1,0
Violence,Industrial,1,4957,6,1,2,0,0
Accident,Industrial,2,4758,5,0,1,0,1
Medical,Industrial,4,6861,18,1,2,3,2
Fire,Industrial,3,1781,16,0,1,1,4
Fire,Industrial,3,8804,18,1,1,1,4
Violence,Industrial,4,4523,21,1,4,1,2
Accident,Industrial,4,661,0,0,2,1,2
Violence,Highway,1,6813,5,0,2,0,0
Medical,Industrial,4,8568,18,1,2,3,2
Medical,Residential,1,7218,21,1,0,1,0
Medical,Residential,4,5224,22,1,2,3,2
Medical,Industrial,2,4054,16,0,1,2,1
Accident,Industrial,2,5475,2,1,1,0,1
Violence,Highway,4,1806,18,0,4,1,2
Accident,Residential,5,1824,18,0,2,2,3
Medical,Industrial,3,8447,9,1,1,2,1
Violence,Industrial,5,9097,18,1,4,2,3
Fire,Highway,2,5955,23,1,1,0,4
Medical,Industrial,3,1218,16,0,1,2,1
Fire,Highway,1,5625,12,0,0,0,3
Violence,Residential,1,8176,9,0,2,0,0
Accident,Industrial,5,2251,9,0,2,2,3
Fire,Industrial,5,5322,10,1,2,2,6
Fire,Residential,5,4480,14,0,2,2,6
Accident,Residential,3,5982,6,1,1,1,1
Medical,Highway,4,1263,17,1,2,3,2
Accident,Industrial,5,8715,6,0,2,2,3
Fire,Highway,3,7889,18,0,1,1,4
Medical,Industrial,5,3057,21,1,2,3,3
Medical,Industrial,3,5269,8,1,1,2,1
Fire,Residential,3,5425,5,0,1,1,4
Fire,Industrial,4,1192,23,1,2,1,5
Fire,Residential,3,4805,3,1,1,1,4
Medical,Industrial,3,8266,16,1,1,2,1
Violence,Highway,2,9418,10,0,3,0,1
Medical,Highway,4,8157,2,0,2,3,2
Fire,Residential,5,8899,3,0,2,2,6
Violence,Industrial,1,2855,0,1,2,0,0
Fire,Highway,2,7900,13,1,1,0,4
Accident,Highway,4,3955,6,0,2,1,2
Fire,Industrial,1,8714,21,1,0,0,3
Fire,Highway,1,1999,20,0,0,0,3
Medical,Highway,1,5129,21,1,0,1,0
Accident,Residential,5,2923,23,0,2,2,3
Accident,Highway,5,1766,3,0,2,2,3
Violence,Industrial,2,9088,9,1,3,0,1
Accident,Highway,2,9921,23,1,1,0,1
Fire,Industrial,2,8415,12,0,1,0,4
Fire,Residential,1,5564,20,1,0,0,3
Accident,Highway,3,9421,3,0,1,1,1
Medical,Highway,1,3986,1,0,0,1,0
Violence,Residential,2,8445,3,1,3,0,1
Accident,Industrial,1,7864,18,1,0,0,0
Violence,Industrial,1,8307,7,1,2,0,0
Violence,Highway,2,5190,16,1,3,0,1
Accident,Industrial,4,4383,9,0,2,1,2
Medical,Highway,1,7423,1,0,0,1,0
Violence,Highway,5,5163,17,0,4,2,3
Medical,Industrial,4,3277,22,1,2,3,2
Medical,Industrial,2,5179,8,1,1,2,1
Accident,Industrial,3,2767,0,0,1,1,1
Medical,Highway,4,9812,14,0,2,3,2
Medical,Residential,4,9963,21,0,2,3,2
Violence,Highway,4,7259,13,1,4,1,2
Accident,Highway,3,7369,17,0,1,1,1
Fire,Industrial,5,3876,20,0,2,2,6
Fire,Highway,3,1652,19,0,1,1,4
Violence,Residential,3,7164,22,0,3,1,1
Medical,Highway,3,3907,2,1,1,2,1
Violence,Residential,1,3919,9,0,2,0,0
Accident,Residential,5,9067,5,0,2,2,3
Violence,Highway,3,4513,5,0,3,1,1
Fire,Highway,5,8869,6,1,2,2,6
Violence,Industrial,1,2380,10,0,2,0,0
Violence,Highway,2,5755,10,0,3,0,1
Fire,Industrial,2,4678,16,0,1,0,4
Fire,Residential,3,5704,9,1,1,1,4
Violence,Industrial,2,8428,15,0,3,0,1
Accident,Residential,5,778,4,1,2,2,3
Fire,Residential,3,6586,13,1,1,1,4
Fire,Highway,5,1403,7,0,2,2,6
Accident,Industrial,4,8314,20,0,2,1,2
Violence,Highway,4,6522,6,0,4,1,2
Fire,Highway,3,3003,14,1,1,1,4
Medical,Residential,5,9239,3,1,2,3,3
Violence,Residential,3,7512,3,0,3,1,1
Violence,Highway,1,9262,5,0,2,0,0
Accident,Residential,2,8072,13,0,1,0,1
Fire,Industrial,1,3088,8,1,0,0,3
Fire,Residential,1,8213,3,0,0,0,3
Violence,Residential,4,4831,10,0,4,1,2
Medical,Residential,5,4803,12,0,2,3,3
Violence,Residential,4,2373,1,1,4,1,2
Violence,Residential,1,3183,19,0,2,0,0
Violence,Highway,4,3832,9,0,4,1,2
Accident,Residential,5,7464,0,1,2,2,3
Medical,Industrial,2,5836,23,0,1,2,1
Violence,Industrial,2,2901,9,0,3,0,1
Medical,Highway,1,1776,4,0,0,1,0
Accident,Highway,2,1392,17,0,1,0,1
Accident,Residential,3,8211,6,1,1,1,1
Fire,Residential,4,7429,21,1,2,1,5
Medical,Industrial,4,946,6,1,2,3,2
Violence,Residential,5,6568,3,0,4,2,3
Accident,Residential,2,6602,9,0,1,0,1
Accident,Highway,5,8134,16,0,2,2,3
Accident,Industrial,5,1160,2,0,2,2,3
Fire,Industrial,3,9709,12,0,1,1,4
Fire,Highway,1,3155,14,1,0,0,3
Medical,Highway,5,7356,9,0,2,3,3
Accident,Industrial,4,2301,19,1,2,1,2
Accident,Residential,5,3915,18,1,2,2,3
Fire,Residential,2,6869,7,1,1,0,4
Medical,Highway,1,5613,5,1,0,1,0
Medical,Industrial,1,7051,16,1,0,1,0
Accident,Residential,4,2190,6,1,2,1,2
Accident,Highway,2,4309,20,1,1,0,1
Violence,Industrial,1,1786,4,0,2,0,0
Medical,Industrial,5,9711,8,0,2,3,3
Fire,Highway,1,3671,22,0,0,0,3
Violence,Highway,4,2000,19,1,4,1,2
Accident,Industrial,4,4175,19,1,2,1,2
Violence,Highway,1,7720,9,1,2,0,0
Accident,Industrial,2,8235,13,1,1,0,1
Fire,Industrial,5,3601,9,0,2,2,6
Violence,Industrial,3,3435,10,0,3,1,1
Violence,Industrial,4,9775,0,0,4,1,2
Violence,Industrial,4,2131,0,1,4,1,2
Violence,Industrial,1,8378,16,0,2,0,0
Violence,Residential,3,3707,22,0,3,1,1
Medical,Industrial,1,2989,6,0,0,1,0
Medical,Residential,4,5744,23,1,2,3,2
Medical,Industrial,1,8553,10,1,0,1,0
Accident,Residential,4,973,3,0,2,1,2
Medical,Industrial,1,8982,11,1,0,1,0
Fire,Residential,3,7136,21,0,1,1,4
Violence,Highway,1,2255,16,1,2,0,0
Medical,Highway,5,5166,21,0,2,3,3
Violence,Highway,1,5235,12,0,2,0,0
Violence,Highway,1,4752,20,1,2,0,0
Fire,Highway,2,8803,20,0,1,0,4
Accident,Highway,3,4548,21,1,1,1,1
Fire,Industrial,4,6850,3,1,2,1,5
Fire,Industrial,1,5513,2,0,0,0,3
Medical,Highway,3,1849,10,1,1,2,1
Accident,Industrial,3,8679,12,1,1,1,1
Violence,Highway,4,9349,11,0,4,1,2
Fire,Residential,2,5172,11,1,1,0,4
Accident,Residential,2,7092,21,0,1,0,1
Medical,Industrial,4,9454,9,0,2,3,2
Violence,Residential,1,2875,0,1,2,0,0
Accident,Residential,1,4039,19,0,0,0,0
Fire,Industrial,5,4916,6,1,2,2,6
Fire,Residential,3,9682,12,1,1,1,4
Medical,Industrial,1,4288,1,1,0,1,0
Accident,Residential,1,9937,22,1,0,0,0
Fire,Highway,2,8011,1,0,1,0,4
Violence,Industrial,2,664,11,1,3,0,1
Medical,Highway,2,9860,5,1,1,2,1
Fire,Highway,4,7844,5,1,2,1,5
Violence,Highway,1,7021,4,1,2,0,0
Violence,Industrial,4,8569,11,1,4,1,2
Medical,Industrial,1,7304,4,1,0,1,0
Medical,Residential,4,3786,12,1,2,3,2
Fire,Industrial,5,4089,16,0,2,2,6
Fire,Residential,3,2444,21,1,1,1,4
Accident,Highway,4,2822,21,1,2,1,2
Fire,Residential,2,3424,11,1,1,0,4
Accident,Residential,4,1473,12,0,2,1,2
Medical,Industrial,3,9583,7,0,1,2,1
Violence,Residential,5,3472,10,1,4,2,3
Medical,Highway,4,6922,17,0,2,3,2
Fire,Industrial,5,6299,14,1,2,2,6
Fire,Residential,1,7373,11,1,0,0,3
Fire,Residential,5,7517,2,0,2,2,6
Violence,Industrial,3,9335,8,1,3,1,1
Fire,Industrial,1,2265,20,1,0,0,3
Accident,Highway,1,6424,20,1,0,0,0
Violence,Highway,1,6854,14,0,2,0,0
Accident,Highway,4,1579,14,1,2,1,2
Medical,Industrial,4,8648,4,0,2,3,2
Accident,Industrial,2,7886,8,0,1,0,1
Fire,Highway,5,3950,5,0,2,2,6
Accident,Highway,1,892,19,0,0,0,0
Fire,Residential,5,9690,12,0,2,2,6
Violence,Highway,5,2037,20,0,4,2,3
Violence,Industrial,2,1897,12,0,3,0,1
Violence,Highway,2,6399,16,1,3,0,1
Violence,Residential,3,8697,13,0,3,1,1
Violence,Residential,1,7755,21,0,2,0,0
Accident,Residential,3,6604,17,0,1,1,1
Medical,Residential,5,2156,3,1,2,3,3
Violence,Highway,1,6891,3,0,2,0,0
Fire,Highway,4,5219,6,1,2,1,5
Fire,Industrial,4,9329,14,0,2,1,5
Violence,Highway,3,8104,7,1,3,1,1
Medical,Highway,4,4099,18,1,2,3,2
Accident,Industrial,4,6669,18,1,2,1,2
Medical,Industrial,3,9745,2,0,1,2,1
Accident,Highway,2,584,15,0,1,0,1
Fire,Highway,1,7066,4,0,0,0,3
Fire,Highway,2,5461,19,0,1,0,4
Fire,Industrial,3,7796,7,0,1,1,4
Fire,Residential,5,1201,22,0,2,2,6
Violence,Industrial,3,4147,4,0,3,1,1
Accident,Industrial,3,3167,8,1,1,1,1
Violence,Highway,2,6370,13,1,3,0,1
Fire,Residential,4,8985,0,1,2,1,5
Violence,Industrial,1,4387,5,1,2,0,0
Accident,Residential,2,1179,18,1,1,0,1
Fire,Residential,2,1093,23,0,1,0,4
Violence,Highway,4,2694,8,1,4,1,2
Accident,Highway,4,6349,15,1,2,1,2
Medical,Industrial,5,8931,13,0,2,3,3
Violence,Industrial,2,1629,19,0,3,0,1
Fire,Industrial,1,924,7,0,0,0,3
Fire,Industrial,4,9892,18,1,2,1,5
Medical,Industrial,2,3533,11,1,1,2,1
Violence,Industrial,1,6283,13,1,2,0,0
Accident,Highway,3,8448,5,0,1,1,1
Medical,Industrial,5,5661,10,0,2,3,3
Accident,Residential,1,3897,13,0,0,0,0
Violence,Highway,4,8297,18,0,4,1,2
Medical,Highway,2,8821,1,1,1,2,1
Fire,Highway,3,3726,3,1,1,1,4
Violence,Highway,1,6150,7,1,2,0,0
Violence,Highway,5,3745,1,0,4,2,3
Accident,Highway,4,6348,8,1,2,1,2
Fire,Highway,5,5938,22,1,2,2,6
Violence,Industrial,2,4280,18,0,3,0,1
Fire,Highway,1,1283,18,0,0,0,3
Fire,Highway,4,2894,3,0,2,1,5
Medical,Highway,5,5512,10,1,2,3,3
Violence,Residential,3,4166,3,0,3,1,1
Medical,Residential,1,2540,10,1,0,1,0
Medical,Highway,4,7799,1,1,2,3,2
Accident,Highway,1,2181,4,0,0,0,0
Fire,Highway,3,6216,2,1,1,1,4
Medical,Industrial,5,1674,21,0,2,3,3
Medical,Industrial,2,5611,10,0,1,2,1
Medical,Industrial,5,3208,23,1,2,3,3
Fire,Industrial,1,3260,2,1,0,0,3
Violence,Highway,3,5306,0,1,3,1,1
Medical,Residential,4,5743,12,0,2,3,2
Accident,Residential,1,1565,2,1,0,0,0
Accident,Highway,5,3666,18,0,2,2,3
Violence,Highway,3,5601,18,0,3,1,1
Accident,Residential,2,5637,8,1,1,0,1
Fire,Industrial,4,6360,19,1,2,1,5
Medical,Residential,5,1265,6,0,2,3,3
Fire,Residential,4,7081,2,1,2,1,5
Violence,Residential,2,9474,10,0,3,0,1
Fire,Industrial,3,2983,8,0,1,1,4
Fire,Residential,1,639,15,1,0,0,3
Accident,Industrial,3,4072,6,0,1,1,1
Fire,Highway,5,9089,9,0,2,2,6
Accident,Residential,3,8719,13,1,1,1,1
Fire,Industrial,2,7697,17,0,1,0,4
Fire,Highway,2,6010,10,1,1,0,4
Fire,Highway,1,9542,6,0,0,0,3
Accident,Residential,4,4643,12,1,2,1,2
Violence,Highway,2,3576,9,0,3,0,1
Medical,Highway,5,4228,8,1,2,3,3
Accident,Residential,1,4393,23,1,0,0,0
Violence,Highway,2,7345,2,0,3,0,1
Accident,Industrial,2,652,3,1,1,0,1
Fire,Industrial,3,4992,17,0,1,1,4
Fire,Residential,3,9997,8,0,1,1,4
Accident,Industrial,5,4093,22,1,2,2,3
Accident,Industrial,2,4624,10,0,1,0,1
